/ssd1/data/processed/LAV-DF/video/test/078328.mp4,101,1,1,1
/ssd1/data/processed/LAV-DF/video/test/076057.mp4,120,1,1,1
/ssd1/data/processed/LAV-DF/video/test/126722.mp4,121,1,1,1
/ssd1/data/processed/LAV-DF/video/test/022474.mp4,125,1,1,1
/ssd1/data/processed/LAV-DF/video/test/012516.mp4,111,1,1,1
/ssd1/data/processed/LAV-DF/video/test/131368.mp4,116,1,1,1
/ssd1/data/processed/LAV-DF/video/test/096000.mp4,206,1,1,1
/ssd1/data/processed/LAV-DF/video/test/129937.mp4,210,1,1,1
/ssd1/data/processed/LAV-DF/video/test/091586.mp4,103,1,1,1
/ssd1/data/processed/LAV-DF/video/test/130953.mp4,250,1,1,1
/ssd1/data/processed/LAV-DF/video/test/091345.mp4,275,1,1,1
/ssd1/data/processed/LAV-DF/video/test/125335.mp4,215,1,1,1
/ssd1/data/processed/LAV-DF/video/test/012595.mp4,157,1,1,1
/ssd1/data/processed/LAV-DF/video/test/002228.mp4,190,1,1,1
/ssd1/data/processed/LAV-DF/video/test/090341.mp4,215,1,1,1
/ssd1/data/processed/LAV-DF/video/test/021853.mp4,329,1,1,1
/ssd1/data/processed/LAV-DF/video/test/091469.mp4,209,1,1,1
/ssd1/data/processed/LAV-DF/video/test/105944.mp4,100,1,1,1
/ssd1/data/processed/LAV-DF/video/test/063934.mp4,182,1,1,1
/ssd1/data/processed/LAV-DF/video/test/135108.mp4,264,1,1,1
/ssd1/data/processed/LAV-DF/video/test/078372.mp4,145,1,1,1
/ssd1/data/processed/LAV-DF/video/test/095006.mp4,112,1,1,1
/ssd1/data/processed/LAV-DF/video/test/041569.mp4,212,1,1,1
/ssd1/data/processed/LAV-DF/video/test/135033.mp4,167,1,1,1
/ssd1/data/processed/LAV-DF/video/test/047117.mp4,193,1,1,1
/ssd1/data/processed/LAV-DF/video/test/134664.mp4,129,1,1,1
/ssd1/data/processed/LAV-DF/video/test/041411.mp4,130,1,1,1
/ssd1/data/processed/LAV-DF/video/test/003699.mp4,238,1,1,1
/ssd1/data/processed/LAV-DF/video/test/134721.mp4,175,1,1,1
/ssd1/data/processed/LAV-DF/video/test/114842.mp4,113,1,1,1
/ssd1/data/processed/LAV-DF/video/test/076038.mp4,234,1,1,1
/ssd1/data/processed/LAV-DF/video/test/134835.mp4,106,1,1,1
/ssd1/data/processed/LAV-DF/video/test/113929.mp4,136,1,1,1
/ssd1/data/processed/LAV-DF/video/test/134635.mp4,231,1,1,1
/ssd1/data/processed/LAV-DF/video/test/114361.mp4,258,1,1,1
/ssd1/data/processed/LAV-DF/video/test/012818.mp4,354,1,1,1
/ssd1/data/processed/LAV-DF/video/test/078564.mp4,243,1,1,1
/ssd1/data/processed/LAV-DF/video/test/090418.mp4,163,1,1,1
/ssd1/data/processed/LAV-DF/video/test/095797.mp4,264,1,1,1
/ssd1/data/processed/LAV-DF/video/test/000005.mp4,346,1,1,1
/ssd1/data/processed/LAV-DF/video/test/091331.mp4,125,1,1,1
/ssd1/data/processed/LAV-DF/video/test/046632.mp4,218,1,1,1
/ssd1/data/processed/LAV-DF/video/test/135074.mp4,138,1,1,1
/ssd1/data/processed/LAV-DF/video/test/007491.mp4,492,1,1,1
/ssd1/data/processed/LAV-DF/video/test/002605.mp4,206,1,1,1
/ssd1/data/processed/LAV-DF/video/test/077137.mp4,157,1,1,1
/ssd1/data/processed/LAV-DF/video/test/012488.mp4,141,1,1,1
/ssd1/data/processed/LAV-DF/video/test/041208.mp4,106,1,1,1
/ssd1/data/processed/LAV-DF/video/test/125521.mp4,294,1,1,1
/ssd1/data/processed/LAV-DF/video/test/003419.mp4,105,1,1,1
/ssd1/data/processed/LAV-DF/video/test/130755.mp4,219,1,1,1
/ssd1/data/processed/LAV-DF/video/test/077653.mp4,404,1,1,1
/ssd1/data/processed/LAV-DF/video/test/026883.mp4,213,1,1,1
/ssd1/data/processed/LAV-DF/video/test/105142.mp4,195,1,1,1
/ssd1/data/processed/LAV-DF/video/test/091859.mp4,140,1,1,1
/ssd1/data/processed/LAV-DF/video/test/091671.mp4,100,1,1,1
/ssd1/data/processed/LAV-DF/video/test/000322.mp4,192,1,1,1
/ssd1/data/processed/LAV-DF/video/test/125265.mp4,107,1,1,1
/ssd1/data/processed/LAV-DF/video/test/001458.mp4,152,1,1,1
/ssd1/data/processed/LAV-DF/video/test/001812.mp4,117,1,1,1
/ssd1/data/processed/LAV-DF/video/test/047013.mp4,229,1,1,1
/ssd1/data/processed/LAV-DF/video/test/077295.mp4,134,1,1,1
/ssd1/data/processed/LAV-DF/video/test/002227.mp4,105,1,1,1
/ssd1/data/processed/LAV-DF/video/test/022825.mp4,109,1,1,1
/ssd1/data/processed/LAV-DF/video/test/026758.mp4,264,1,1,1
/ssd1/data/processed/LAV-DF/video/test/129987.mp4,282,1,1,1
/ssd1/data/processed/LAV-DF/video/test/091387.mp4,260,1,1,1
/ssd1/data/processed/LAV-DF/video/test/131285.mp4,177,1,1,1
/ssd1/data/processed/LAV-DF/video/test/001084.mp4,155,1,1,1
/ssd1/data/processed/LAV-DF/video/test/026625.mp4,334,1,1,1
/ssd1/data/processed/LAV-DF/video/test/000164.mp4,282,1,1,1
/ssd1/data/processed/LAV-DF/video/test/002183.mp4,125,1,1,1
/ssd1/data/processed/LAV-DF/video/test/127027.mp4,118,1,1,1
/ssd1/data/processed/LAV-DF/video/test/125184.mp4,234,1,1,1
/ssd1/data/processed/LAV-DF/video/test/075909.mp4,106,1,1,1
/ssd1/data/processed/LAV-DF/video/test/046425.mp4,151,1,1,1
/ssd1/data/processed/LAV-DF/video/test/115081.mp4,199,1,1,1
/ssd1/data/processed/LAV-DF/video/test/095325.mp4,208,1,1,1
/ssd1/data/processed/LAV-DF/video/test/003052.mp4,251,1,1,1
/ssd1/data/processed/LAV-DF/video/test/075976.mp4,368,1,1,1
/ssd1/data/processed/LAV-DF/video/test/044824.mp4,180,1,1,1
/ssd1/data/processed/LAV-DF/video/test/090922.mp4,136,1,1,1
/ssd1/data/processed/LAV-DF/video/test/044924.mp4,115,1,1,1
/ssd1/data/processed/LAV-DF/video/test/125706.mp4,127,1,1,1
/ssd1/data/processed/LAV-DF/video/test/009614.mp4,100,1,1,1
/ssd1/data/processed/LAV-DF/video/test/125931.mp4,137,1,1,1
/ssd1/data/processed/LAV-DF/video/test/106253.mp4,230,1,1,1
/ssd1/data/processed/LAV-DF/video/test/045841.mp4,451,1,1,1
/ssd1/data/processed/LAV-DF/video/test/063588.mp4,226,1,1,1
/ssd1/data/processed/LAV-DF/video/test/125298.mp4,107,1,1,1
/ssd1/data/processed/LAV-DF/video/test/130560.mp4,382,1,1,1
/ssd1/data/processed/LAV-DF/video/test/078144.mp4,105,1,1,1
/ssd1/data/processed/LAV-DF/video/test/044983.mp4,172,1,1,1
/ssd1/data/processed/LAV-DF/video/test/095603.mp4,444,1,1,1
/ssd1/data/processed/LAV-DF/video/test/125839.mp4,195,1,1,1
/ssd1/data/processed/LAV-DF/video/test/126326.mp4,233,1,1,1
/ssd1/data/processed/LAV-DF/video/test/001021.mp4,128,1,1,1
/ssd1/data/processed/LAV-DF/video/test/105367.mp4,134,1,1,1
/ssd1/data/processed/LAV-DF/video/test/078581.mp4,106,1,1,1
/ssd1/data/processed/LAV-DF/video/test/022830.mp4,99,1,1,1
/ssd1/data/processed/LAV-DF/video/test/078582.mp4,115,1,1,1
/ssd1/data/processed/LAV-DF/video/test/134154.mp4,238,1,1,1
/ssd1/data/processed/LAV-DF/video/test/130809.mp4,122,1,1,1
/ssd1/data/processed/LAV-DF/video/test/091768.mp4,468,1,1,1
/ssd1/data/processed/LAV-DF/video/test/105726.mp4,126,1,1,1
/ssd1/data/processed/LAV-DF/video/test/106180.mp4,113,1,1,1
/ssd1/data/processed/LAV-DF/video/test/077112.mp4,244,1,1,1
/ssd1/data/processed/LAV-DF/video/test/114021.mp4,175,1,1,1
/ssd1/data/processed/LAV-DF/video/test/091473.mp4,126,1,1,1
/ssd1/data/processed/LAV-DF/video/test/115078.mp4,172,1,1,1
/ssd1/data/processed/LAV-DF/video/test/090309.mp4,140,1,1,1
/ssd1/data/processed/LAV-DF/video/test/027288.mp4,166,1,1,1
/ssd1/data/processed/LAV-DF/video/test/076567.mp4,199,1,1,1
/ssd1/data/processed/LAV-DF/video/test/091054.mp4,488,1,1,1
/ssd1/data/processed/LAV-DF/video/test/046367.mp4,108,1,1,1
/ssd1/data/processed/LAV-DF/video/test/105955.mp4,215,1,1,1
/ssd1/data/processed/LAV-DF/video/test/129630.mp4,100,1,1,1
/ssd1/data/processed/LAV-DF/video/test/076889.mp4,127,1,1,1
/ssd1/data/processed/LAV-DF/video/test/090222.mp4,234,1,1,1
/ssd1/data/processed/LAV-DF/video/test/002908.mp4,137,1,1,1
/ssd1/data/processed/LAV-DF/video/test/090480.mp4,205,1,1,1
/ssd1/data/processed/LAV-DF/video/test/096022.mp4,258,1,1,1
/ssd1/data/processed/LAV-DF/video/test/078410.mp4,252,1,1,1
/ssd1/data/processed/LAV-DF/video/test/076936.mp4,250,1,1,1
/ssd1/data/processed/LAV-DF/video/test/091540.mp4,310,1,1,1
/ssd1/data/processed/LAV-DF/video/test/129813.mp4,175,1,1,1
/ssd1/data/processed/LAV-DF/video/test/027222.mp4,183,1,1,1
/ssd1/data/processed/LAV-DF/video/test/002584.mp4,161,1,1,1
/ssd1/data/processed/LAV-DF/video/test/041230.mp4,116,1,1,1
/ssd1/data/processed/LAV-DF/video/test/131074.mp4,450,1,1,1
/ssd1/data/processed/LAV-DF/video/test/076625.mp4,100,1,1,1
/ssd1/data/processed/LAV-DF/video/test/091221.mp4,198,1,1,1
/ssd1/data/processed/LAV-DF/video/test/001849.mp4,102,1,1,1
/ssd1/data/processed/LAV-DF/video/test/021976.mp4,150,1,1,1
/ssd1/data/processed/LAV-DF/video/test/012857.mp4,113,1,1,1
/ssd1/data/processed/LAV-DF/video/test/090365.mp4,293,1,1,1
/ssd1/data/processed/LAV-DF/video/test/105683.mp4,111,1,1,1
/ssd1/data/processed/LAV-DF/video/test/091797.mp4,191,1,1,1
/ssd1/data/processed/LAV-DF/video/test/077142.mp4,194,1,1,1
/ssd1/data/processed/LAV-DF/video/test/106162.mp4,117,1,1,1
/ssd1/data/processed/LAV-DF/video/test/044892.mp4,208,1,1,1
/ssd1/data/processed/LAV-DF/video/test/091365.mp4,129,1,1,1
/ssd1/data/processed/LAV-DF/video/test/012580.mp4,252,1,1,1
/ssd1/data/processed/LAV-DF/video/test/131923.mp4,215,1,1,1
/ssd1/data/processed/LAV-DF/video/test/078066.mp4,114,1,1,1
/ssd1/data/processed/LAV-DF/video/test/003821.mp4,334,1,1,1
/ssd1/data/processed/LAV-DF/video/test/095815.mp4,425,1,1,1
/ssd1/data/processed/LAV-DF/video/test/022160.mp4,132,1,1,1
/ssd1/data/processed/LAV-DF/video/test/131086.mp4,110,1,1,1
/ssd1/data/processed/LAV-DF/video/test/046636.mp4,145,1,1,1
/ssd1/data/processed/LAV-DF/video/test/134751.mp4,114,1,1,1
/ssd1/data/processed/LAV-DF/video/test/046703.mp4,127,1,1,1
/ssd1/data/processed/LAV-DF/video/test/106358.mp4,114,1,1,1
/ssd1/data/processed/LAV-DF/video/test/027154.mp4,141,1,1,1
/ssd1/data/processed/LAV-DF/video/test/009978.mp4,172,1,1,1
/ssd1/data/processed/LAV-DF/video/test/041195.mp4,129,1,1,1
/ssd1/data/processed/LAV-DF/video/test/046473.mp4,157,1,1,1
/ssd1/data/processed/LAV-DF/video/test/125748.mp4,118,1,1,1
/ssd1/data/processed/LAV-DF/video/test/091079.mp4,172,1,1,1
/ssd1/data/processed/LAV-DF/video/test/045177.mp4,274,1,1,1
/ssd1/data/processed/LAV-DF/video/test/106142.mp4,105,1,1,1
/ssd1/data/processed/LAV-DF/video/test/090734.mp4,286,1,1,1
/ssd1/data/processed/LAV-DF/video/test/009753.mp4,147,1,1,1
/ssd1/data/processed/LAV-DF/video/test/021857.mp4,99,1,1,1
/ssd1/data/processed/LAV-DF/video/test/077454.mp4,144,1,1,1
/ssd1/data/processed/LAV-DF/video/test/134526.mp4,132,1,1,1
/ssd1/data/processed/LAV-DF/video/test/095591.mp4,140,1,1,1
/ssd1/data/processed/LAV-DF/video/test/002192.mp4,130,1,1,1
/ssd1/data/processed/LAV-DF/video/test/105473.mp4,184,1,1,1
/ssd1/data/processed/LAV-DF/video/test/134643.mp4,179,1,1,1
/ssd1/data/processed/LAV-DF/video/test/131063.mp4,260,1,1,1
/ssd1/data/processed/LAV-DF/video/test/003571.mp4,108,1,1,1
/ssd1/data/processed/LAV-DF/video/test/115062.mp4,267,1,1,1
/ssd1/data/processed/LAV-DF/video/test/046140.mp4,246,1,1,1
/ssd1/data/processed/LAV-DF/video/test/105737.mp4,427,1,1,1
/ssd1/data/processed/LAV-DF/video/test/114291.mp4,176,1,1,1
/ssd1/data/processed/LAV-DF/video/test/125583.mp4,103,1,1,1
/ssd1/data/processed/LAV-DF/video/test/064188.mp4,106,1,1,1
/ssd1/data/processed/LAV-DF/video/test/131602.mp4,396,1,1,1
/ssd1/data/processed/LAV-DF/video/test/129718.mp4,100,1,1,1
/ssd1/data/processed/LAV-DF/video/test/078653.mp4,167,1,1,1
/ssd1/data/processed/LAV-DF/video/test/090372.mp4,369,1,1,1
/ssd1/data/processed/LAV-DF/video/test/130676.mp4,138,1,1,1
/ssd1/data/processed/LAV-DF/video/test/105897.mp4,213,1,1,1
/ssd1/data/processed/LAV-DF/video/test/002266.mp4,336,1,1,1
/ssd1/data/processed/LAV-DF/video/test/090542.mp4,122,1,1,1
/ssd1/data/processed/LAV-DF/video/test/125666.mp4,139,1,1,1
/ssd1/data/processed/LAV-DF/video/test/002480.mp4,169,1,1,1
/ssd1/data/processed/LAV-DF/video/test/041275.mp4,115,1,1,1
/ssd1/data/processed/LAV-DF/video/test/000232.mp4,115,1,1,1
/ssd1/data/processed/LAV-DF/video/test/003754.mp4,149,1,1,1
/ssd1/data/processed/LAV-DF/video/test/046536.mp4,105,1,1,1
/ssd1/data/processed/LAV-DF/video/test/126714.mp4,456,1,1,1
/ssd1/data/processed/LAV-DF/video/test/045752.mp4,102,1,1,1
/ssd1/data/processed/LAV-DF/video/test/129973.mp4,139,1,1,1
/ssd1/data/processed/LAV-DF/video/test/041263.mp4,218,1,1,1
/ssd1/data/processed/LAV-DF/video/test/135183.mp4,256,1,1,1
/ssd1/data/processed/LAV-DF/video/test/021940.mp4,116,1,1,1
/ssd1/data/processed/LAV-DF/video/test/022809.mp4,103,1,1,1
/ssd1/data/processed/LAV-DF/video/test/022190.mp4,132,1,1,1
/ssd1/data/processed/LAV-DF/video/test/026594.mp4,121,1,1,1
/ssd1/data/processed/LAV-DF/video/test/125657.mp4,123,1,1,1
/ssd1/data/processed/LAV-DF/video/test/114083.mp4,140,1,1,1
/ssd1/data/processed/LAV-DF/video/test/064202.mp4,100,1,1,1
/ssd1/data/processed/LAV-DF/video/test/105432.mp4,174,1,1,1
/ssd1/data/processed/LAV-DF/video/test/105428.mp4,135,1,1,1
/ssd1/data/processed/LAV-DF/video/test/064116.mp4,115,1,1,1
/ssd1/data/processed/LAV-DF/video/test/114239.mp4,144,1,1,1
/ssd1/data/processed/LAV-DF/video/test/044933.mp4,372,1,1,1
/ssd1/data/processed/LAV-DF/video/test/126721.mp4,125,1,1,1
/ssd1/data/processed/LAV-DF/video/test/094709.mp4,231,1,1,1
/ssd1/data/processed/LAV-DF/video/test/001100.mp4,202,1,1,1
/ssd1/data/processed/LAV-DF/video/test/063988.mp4,143,1,1,1
/ssd1/data/processed/LAV-DF/video/test/094980.mp4,99,1,1,1
/ssd1/data/processed/LAV-DF/video/test/131954.mp4,107,1,1,1
/ssd1/data/processed/LAV-DF/video/test/126550.mp4,149,1,1,1
/ssd1/data/processed/LAV-DF/video/test/009510.mp4,107,1,1,1
/ssd1/data/processed/LAV-DF/video/test/045144.mp4,109,1,1,1
/ssd1/data/processed/LAV-DF/video/test/012629.mp4,120,1,1,1
/ssd1/data/processed/LAV-DF/video/test/075913.mp4,146,1,1,1
/ssd1/data/processed/LAV-DF/video/test/095620.mp4,153,1,1,1
/ssd1/data/processed/LAV-DF/video/test/002122.mp4,198,1,1,1
/ssd1/data/processed/LAV-DF/video/test/003875.mp4,150,1,1,1
/ssd1/data/processed/LAV-DF/video/test/078309.mp4,233,1,1,1
/ssd1/data/processed/LAV-DF/video/test/096097.mp4,117,1,1,1
/ssd1/data/processed/LAV-DF/video/test/105748.mp4,139,1,1,1
/ssd1/data/processed/LAV-DF/video/test/076987.mp4,182,1,1,1
/ssd1/data/processed/LAV-DF/video/test/007523.mp4,100,1,1,1
/ssd1/data/processed/LAV-DF/video/test/002936.mp4,129,1,1,1
/ssd1/data/processed/LAV-DF/video/test/002554.mp4,102,1,1,1
/ssd1/data/processed/LAV-DF/video/test/134413.mp4,152,1,1,1
/ssd1/data/processed/LAV-DF/video/test/009792.mp4,156,1,1,1
/ssd1/data/processed/LAV-DF/video/test/113974.mp4,170,1,1,1
/ssd1/data/processed/LAV-DF/video/test/076368.mp4,160,1,1,1
/ssd1/data/processed/LAV-DF/video/test/094934.mp4,141,1,1,1
/ssd1/data/processed/LAV-DF/video/test/095932.mp4,193,1,1,1
/ssd1/data/processed/LAV-DF/video/test/021971.mp4,173,0,0,1
/ssd1/data/processed/LAV-DF/video/test/047237.mp4,143,1,1,1
/ssd1/data/processed/LAV-DF/video/test/094653.mp4,125,1,1,1
/ssd1/data/processed/LAV-DF/video/test/044985.mp4,119,0,0,0
/ssd1/data/processed/LAV-DF/video/test/131621.mp4,118,1,1,1
/ssd1/data/processed/LAV-DF/video/test/021938.mp4,148,1,1,1
/ssd1/data/processed/LAV-DF/video/test/001845.mp4,148,0,0,0
/ssd1/data/processed/LAV-DF/video/test/041412.mp4,104,1,1,1
/ssd1/data/processed/LAV-DF/video/test/022522.mp4,196,0,0,0
/ssd1/data/processed/LAV-DF/video/test/012545.mp4,113,1,1,1
/ssd1/data/processed/LAV-DF/video/test/048488.mp4,110,0,0,1
/ssd1/data/processed/LAV-DF/video/test/105398.mp4,146,1,1,1
/ssd1/data/processed/LAV-DF/video/test/026513.mp4,120,1,1,1
/ssd1/data/processed/LAV-DF/video/test/002252.mp4,120,1,1,1
/ssd1/data/processed/LAV-DF/video/test/090432.mp4,117,0,1,0
/ssd1/data/processed/LAV-DF/video/test/095196.mp4,472,0,0,1
/ssd1/data/processed/LAV-DF/video/test/046364.mp4,125,0,0,0
/ssd1/data/processed/LAV-DF/video/test/003044.mp4,172,0,0,0
/ssd1/data/processed/LAV-DF/video/test/003510.mp4,196,1,1,1
/ssd1/data/processed/LAV-DF/video/test/063712.mp4,152,0,0,1
/ssd1/data/processed/LAV-DF/video/test/129625.mp4,148,0,0,0
/ssd1/data/processed/LAV-DF/video/test/131204.mp4,120,0,0,0
/ssd1/data/processed/LAV-DF/video/test/131460.mp4,419,0,0,0
/ssd1/data/processed/LAV-DF/video/test/091688.mp4,157,0,1,0
/ssd1/data/processed/LAV-DF/video/test/076433.mp4,160,0,1,0
/ssd1/data/processed/LAV-DF/video/test/078331.mp4,107,0,0,1
/ssd1/data/processed/LAV-DF/video/test/130113.mp4,357,0,0,1
/ssd1/data/processed/LAV-DF/video/test/003983.mp4,260,1,1,1
/ssd1/data/processed/LAV-DF/video/test/078411.mp4,270,0,0,0
/ssd1/data/processed/LAV-DF/video/test/048271.mp4,178,0,1,0
/ssd1/data/processed/LAV-DF/video/test/090720.mp4,129,0,1,0
/ssd1/data/processed/LAV-DF/video/test/010201.mp4,293,0,0,0
/ssd1/data/processed/LAV-DF/video/test/094779.mp4,301,0,0,1
/ssd1/data/processed/LAV-DF/video/test/001911.mp4,113,0,0,0
/ssd1/data/processed/LAV-DF/video/test/125969.mp4,112,0,1,0
/ssd1/data/processed/LAV-DF/video/test/126267.mp4,474,1,1,1
/ssd1/data/processed/LAV-DF/video/test/096052.mp4,387,0,0,0
/ssd1/data/processed/LAV-DF/video/test/029572.mp4,122,0,0,1
/ssd1/data/processed/LAV-DF/video/test/105574.mp4,312,0,0,1
/ssd1/data/processed/LAV-DF/video/test/075984.mp4,151,0,0,0
/ssd1/data/processed/LAV-DF/video/test/131533.mp4,406,0,0,1
/ssd1/data/processed/LAV-DF/video/test/022307.mp4,214,1,1,1
/ssd1/data/processed/LAV-DF/video/test/091517.mp4,133,0,0,1
/ssd1/data/processed/LAV-DF/video/test/090882.mp4,148,1,1,1
/ssd1/data/processed/LAV-DF/video/test/000302.mp4,190,0,0,0
/ssd1/data/processed/LAV-DF/video/test/001441.mp4,133,0,0,0
/ssd1/data/processed/LAV-DF/video/test/047045.mp4,214,0,0,1
/ssd1/data/processed/LAV-DF/video/test/064031.mp4,247,0,0,0
/ssd1/data/processed/LAV-DF/video/test/022161.mp4,151,0,0,0
/ssd1/data/processed/LAV-DF/video/test/075885.mp4,126,0,0,1
/ssd1/data/processed/LAV-DF/video/test/027213.mp4,272,0,0,1
/ssd1/data/processed/LAV-DF/video/test/001894.mp4,129,0,1,0
/ssd1/data/processed/LAV-DF/video/test/022109.mp4,152,0,1,0
/ssd1/data/processed/LAV-DF/video/test/027141.mp4,156,0,0,1
/ssd1/data/processed/LAV-DF/video/test/078619.mp4,233,0,1,0
/ssd1/data/processed/LAV-DF/video/test/046458.mp4,138,0,1,0
/ssd1/data/processed/LAV-DF/video/test/022126.mp4,390,0,1,0
/ssd1/data/processed/LAV-DF/video/test/005853.mp4,363,0,0,1
/ssd1/data/processed/LAV-DF/video/test/129623.mp4,174,0,0,1
/ssd1/data/processed/LAV-DF/video/test/022835.mp4,150,0,0,0
/ssd1/data/processed/LAV-DF/video/test/064133.mp4,330,0,0,0
/ssd1/data/processed/LAV-DF/video/test/095970.mp4,142,0,0,0
/ssd1/data/processed/LAV-DF/video/test/095429.mp4,131,0,0,1
/ssd1/data/processed/LAV-DF/video/test/076081.mp4,110,0,0,0
/ssd1/data/processed/LAV-DF/video/test/029868.mp4,158,0,1,0
/ssd1/data/processed/LAV-DF/video/test/045022.mp4,390,0,0,1
/ssd1/data/processed/LAV-DF/video/test/134981.mp4,278,0,1,0
/ssd1/data/processed/LAV-DF/video/test/126521.mp4,298,0,0,0
/ssd1/data/processed/LAV-DF/video/test/134642.mp4,169,0,0,1
/ssd1/data/processed/LAV-DF/video/test/044852.mp4,131,0,1,0
/ssd1/data/processed/LAV-DF/video/test/126442.mp4,218,0,1,0
/ssd1/data/processed/LAV-DF/video/test/041431.mp4,104,0,1,0
/ssd1/data/processed/LAV-DF/video/test/125982.mp4,260,0,0,1
/ssd1/data/processed/LAV-DF/video/test/046215.mp4,175,0,0,1
/ssd1/data/processed/LAV-DF/video/test/126809.mp4,256,0,0,1
/ssd1/data/processed/LAV-DF/video/test/048341.mp4,163,0,0,1
/ssd1/data/processed/LAV-DF/video/test/076833.mp4,228,0,1,0
/ssd1/data/processed/LAV-DF/video/test/115007.mp4,102,0,1,0
/ssd1/data/processed/LAV-DF/video/test/125807.mp4,269,0,0,1
/ssd1/data/processed/LAV-DF/video/test/001700.mp4,418,0,1,0
/ssd1/data/processed/LAV-DF/video/test/077036.mp4,371,0,0,0
/ssd1/data/processed/LAV-DF/video/test/022794.mp4,189,0,0,0
/ssd1/data/processed/LAV-DF/video/test/045910.mp4,184,0,0,1
/ssd1/data/processed/LAV-DF/video/test/114144.mp4,123,0,0,0
/ssd1/data/processed/LAV-DF/video/test/003476.mp4,429,0,0,1
/ssd1/data/processed/LAV-DF/video/test/134812.mp4,125,0,0,1
/ssd1/data/processed/LAV-DF/video/test/091704.mp4,269,0,1,0
/ssd1/data/processed/LAV-DF/video/test/044874.mp4,128,0,0,1
/ssd1/data/processed/LAV-DF/video/test/130602.mp4,287,0,0,1
/ssd1/data/processed/LAV-DF/video/test/001030.mp4,201,0,0,0
/ssd1/data/processed/LAV-DF/video/test/003882.mp4,244,0,0,1
/ssd1/data/processed/LAV-DF/video/test/026742.mp4,288,0,0,1
/ssd1/data/processed/LAV-DF/video/test/012778.mp4,226,0,1,0
/ssd1/data/processed/LAV-DF/video/test/094722.mp4,323,0,0,0
/ssd1/data/processed/LAV-DF/video/test/106341.mp4,209,0,0,1
/ssd1/data/processed/LAV-DF/video/test/077581.mp4,293,0,0,1
/ssd1/data/processed/LAV-DF/video/test/048316.mp4,119,0,1,0
/ssd1/data/processed/LAV-DF/video/test/106077.mp4,143,0,1,0
/ssd1/data/processed/LAV-DF/video/test/130508.mp4,316,0,1,0
/ssd1/data/processed/LAV-DF/video/test/131303.mp4,188,0,1,0
/ssd1/data/processed/LAV-DF/video/test/130132.mp4,154,0,0,1
/ssd1/data/processed/LAV-DF/video/test/009689.mp4,307,0,0,0
/ssd1/data/processed/LAV-DF/video/test/026628.mp4,352,0,0,1
/ssd1/data/processed/LAV-DF/video/test/001719.mp4,245,0,0,0
/ssd1/data/processed/LAV-DF/video/test/048555.mp4,294,0,0,0
/ssd1/data/processed/LAV-DF/video/test/135034.mp4,186,0,0,0
/ssd1/data/processed/LAV-DF/video/test/094629.mp4,130,0,0,0
/ssd1/data/processed/LAV-DF/video/test/046185.mp4,123,0,0,1
/ssd1/data/processed/LAV-DF/video/test/063898.mp4,149,0,0,1
/ssd1/data/processed/LAV-DF/video/test/077862.mp4,132,0,0,0
/ssd1/data/processed/LAV-DF/video/test/131565.mp4,181,0,0,0
/ssd1/data/processed/LAV-DF/video/test/022656.mp4,159,0,0,1
/ssd1/data/processed/LAV-DF/video/test/022346.mp4,463,0,1,0
/ssd1/data/processed/LAV-DF/video/test/076032.mp4,440,0,0,0
/ssd1/data/processed/LAV-DF/video/test/130743.mp4,220,0,0,1
/ssd1/data/processed/LAV-DF/video/test/003797.mp4,132,0,0,1
/ssd1/data/processed/LAV-DF/video/test/090071.mp4,120,0,0,1
/ssd1/data/processed/LAV-DF/video/test/022773.mp4,439,0,1,0
/ssd1/data/processed/LAV-DF/video/test/134636.mp4,241,0,0,0
/ssd1/data/processed/LAV-DF/video/test/027096.mp4,322,0,1,0
/ssd1/data/processed/LAV-DF/video/test/113945.mp4,421,0,0,0
/ssd1/data/processed/LAV-DF/video/test/134760.mp4,114,0,0,0
/ssd1/data/processed/LAV-DF/video/test/026828.mp4,192,0,0,1
/ssd1/data/processed/LAV-DF/video/test/134637.mp4,233,0,1,0
/ssd1/data/processed/LAV-DF/video/test/114401.mp4,140,0,1,0
/ssd1/data/processed/LAV-DF/video/test/091443.mp4,177,0,0,0
/ssd1/data/processed/LAV-DF/video/test/134403.mp4,261,0,1,0
/ssd1/data/processed/LAV-DF/video/test/002083.mp4,292,0,1,0
/ssd1/data/processed/LAV-DF/video/test/022353.mp4,288,0,1,0
/ssd1/data/processed/LAV-DF/video/test/090517.mp4,280,0,0,0
/ssd1/data/processed/LAV-DF/video/test/095628.mp4,270,0,1,0
/ssd1/data/processed/LAV-DF/video/test/021993.mp4,235,0,0,0
/ssd1/data/processed/LAV-DF/video/test/044784.mp4,191,0,0,0
/ssd1/data/processed/LAV-DF/video/test/095874.mp4,370,0,0,1
/ssd1/data/processed/LAV-DF/video/test/135105.mp4,182,0,0,0
/ssd1/data/processed/LAV-DF/video/test/001884.mp4,123,0,0,1
/ssd1/data/processed/LAV-DF/video/test/130291.mp4,349,0,0,0
/ssd1/data/processed/LAV-DF/video/test/041211.mp4,208,0,1,0
/ssd1/data/processed/LAV-DF/video/test/096124.mp4,383,0,0,1
/ssd1/data/processed/LAV-DF/video/test/091658.mp4,109,0,0,1
/ssd1/data/processed/LAV-DF/video/test/007533.mp4,126,0,0,0
/ssd1/data/processed/LAV-DF/video/test/007521.mp4,133,0,1,0
/ssd1/data/processed/LAV-DF/video/test/126914.mp4,260,0,1,0
/ssd1/data/processed/LAV-DF/video/test/105193.mp4,131,0,0,0
/ssd1/data/processed/LAV-DF/video/test/012549.mp4,114,0,0,1
/ssd1/data/processed/LAV-DF/video/test/130043.mp4,120,0,0,1
/ssd1/data/processed/LAV-DF/video/test/003437.mp4,171,0,0,0
/ssd1/data/processed/LAV-DF/video/test/131274.mp4,350,0,0,0
/ssd1/data/processed/LAV-DF/video/test/001049.mp4,244,0,1,0
/ssd1/data/processed/LAV-DF/video/test/010126.mp4,288,0,0,1
/ssd1/data/processed/LAV-DF/video/test/001259.mp4,143,0,0,0
/ssd1/data/processed/LAV-DF/video/test/131294.mp4,271,0,1,0
/ssd1/data/processed/LAV-DF/video/test/090509.mp4,161,0,0,0
/ssd1/data/processed/LAV-DF/video/test/114343.mp4,296,0,1,0
/ssd1/data/processed/LAV-DF/video/test/095275.mp4,148,0,0,1
/ssd1/data/processed/LAV-DF/video/test/125557.mp4,149,0,0,0
/ssd1/data/processed/LAV-DF/video/test/106348.mp4,152,0,1,0
/ssd1/data/processed/LAV-DF/video/test/000907.mp4,256,0,0,1
/ssd1/data/processed/LAV-DF/video/test/095835.mp4,432,0,0,0
/ssd1/data/processed/LAV-DF/video/test/044729.mp4,144,0,1,0
/ssd1/data/processed/LAV-DF/video/test/026753.mp4,252,0,0,1
/ssd1/data/processed/LAV-DF/video/test/106250.mp4,109,0,1,0
/ssd1/data/processed/LAV-DF/video/test/076636.mp4,294,0,0,1
/ssd1/data/processed/LAV-DF/video/test/046528.mp4,145,0,0,1
/ssd1/data/processed/LAV-DF/video/test/010081.mp4,121,0,1,0
/ssd1/data/processed/LAV-DF/video/test/105797.mp4,262,0,0,1
/ssd1/data/processed/LAV-DF/video/test/022814.mp4,202,0,0,0
/ssd1/data/processed/LAV-DF/video/test/063914.mp4,164,0,0,1
/ssd1/data/processed/LAV-DF/video/test/076446.mp4,293,0,0,1
/ssd1/data/processed/LAV-DF/video/test/076339.mp4,229,0,1,0
/ssd1/data/processed/LAV-DF/video/test/132015.mp4,118,0,1,0
/ssd1/data/processed/LAV-DF/video/test/046538.mp4,106,0,1,0
/ssd1/data/processed/LAV-DF/video/test/048307.mp4,209,0,0,0
/ssd1/data/processed/LAV-DF/video/test/135208.mp4,113,0,0,1
/ssd1/data/processed/LAV-DF/video/test/131956.mp4,110,0,1,0
/ssd1/data/processed/LAV-DF/video/test/026738.mp4,279,0,0,1
/ssd1/data/processed/LAV-DF/video/test/041201.mp4,117,0,1,0
/ssd1/data/processed/LAV-DF/video/test/026849.mp4,217,0,1,0
/ssd1/data/processed/LAV-DF/video/test/048249.mp4,146,0,1,0
/ssd1/data/processed/LAV-DF/video/test/003322.mp4,134,0,0,0
/ssd1/data/processed/LAV-DF/video/test/009889.mp4,490,0,0,1
/ssd1/data/processed/LAV-DF/video/test/021915.mp4,198,0,0,1
/ssd1/data/processed/LAV-DF/video/test/130204.mp4,175,0,0,1
/ssd1/data/processed/LAV-DF/video/test/077873.mp4,276,0,0,1
/ssd1/data/processed/LAV-DF/video/test/090664.mp4,367,0,0,1
/ssd1/data/processed/LAV-DF/video/test/090495.mp4,133,0,0,1
/ssd1/data/processed/LAV-DF/video/test/091292.mp4,319,0,0,0
/ssd1/data/processed/LAV-DF/video/test/091570.mp4,158,0,0,0
/ssd1/data/processed/LAV-DF/video/test/130431.mp4,188,0,1,0
/ssd1/data/processed/LAV-DF/video/test/046038.mp4,165,0,0,1
/ssd1/data/processed/LAV-DF/video/test/077909.mp4,192,0,0,0
/ssd1/data/processed/LAV-DF/video/test/126591.mp4,131,0,0,1
/ssd1/data/processed/LAV-DF/video/test/009928.mp4,405,0,1,0
/ssd1/data/processed/LAV-DF/video/test/114327.mp4,341,0,0,0
/ssd1/data/processed/LAV-DF/video/test/104793.mp4,193,0,1,0
/ssd1/data/processed/LAV-DF/video/test/029765.mp4,144,0,0,1
/ssd1/data/processed/LAV-DF/video/test/047091.mp4,136,0,0,1
/ssd1/data/processed/LAV-DF/video/test/063993.mp4,209,0,0,0
/ssd1/data/processed/LAV-DF/video/test/134676.mp4,143,0,0,1
/ssd1/data/processed/LAV-DF/video/test/010134.mp4,409,0,1,0
/ssd1/data/processed/LAV-DF/video/test/045660.mp4,155,0,0,1
/ssd1/data/processed/LAV-DF/video/test/076876.mp4,170,0,0,1
/ssd1/data/processed/LAV-DF/video/test/091508.mp4,214,0,1,0
/ssd1/data/processed/LAV-DF/video/test/105531.mp4,260,0,0,0
/ssd1/data/processed/LAV-DF/video/test/125852.mp4,146,0,0,0
/ssd1/data/processed/LAV-DF/video/test/114927.mp4,183,0,0,0
/ssd1/data/processed/LAV-DF/video/test/009479.mp4,168,0,1,0
/ssd1/data/processed/LAV-DF/video/test/009482.mp4,185,0,0,0
/ssd1/data/processed/LAV-DF/video/test/022726.mp4,220,0,0,1
/ssd1/data/processed/LAV-DF/video/test/001267.mp4,299,0,0,0
/ssd1/data/processed/LAV-DF/video/test/130718.mp4,293,0,0,1
/ssd1/data/processed/LAV-DF/video/test/105324.mp4,120,0,0,0
/ssd1/data/processed/LAV-DF/video/test/126851.mp4,396,0,0,0
/ssd1/data/processed/LAV-DF/video/test/001349.mp4,319,0,0,1
/ssd1/data/processed/LAV-DF/video/test/026945.mp4,193,0,1,0
/ssd1/data/processed/LAV-DF/video/test/131066.mp4,270,0,0,1
/ssd1/data/processed/LAV-DF/video/test/094731.mp4,362,0,0,1
/ssd1/data/processed/LAV-DF/video/test/003647.mp4,144,0,1,0
/ssd1/data/processed/LAV-DF/video/test/044958.mp4,246,0,0,0
/ssd1/data/processed/LAV-DF/video/test/077537.mp4,157,0,0,1
/ssd1/data/processed/LAV-DF/video/test/130752.mp4,272,0,0,0
/ssd1/data/processed/LAV-DF/video/test/105203.mp4,170,0,0,1
/ssd1/data/processed/LAV-DF/video/test/114380.mp4,471,0,0,1
/ssd1/data/processed/LAV-DF/video/test/091505.mp4,132,0,0,1
/ssd1/data/processed/LAV-DF/video/test/114292.mp4,186,0,0,0
/ssd1/data/processed/LAV-DF/video/test/046755.mp4,270,0,0,1
/ssd1/data/processed/LAV-DF/video/test/078038.mp4,157,0,0,0
/ssd1/data/processed/LAV-DF/video/test/076024.mp4,189,0,0,0
/ssd1/data/processed/LAV-DF/video/test/115061.mp4,200,0,0,1
/ssd1/data/processed/LAV-DF/video/test/041602.mp4,125,0,1,0
/ssd1/data/processed/LAV-DF/video/test/135053.mp4,238,0,0,1
/ssd1/data/processed/LAV-DF/video/test/126241.mp4,196,0,0,0
/ssd1/data/processed/LAV-DF/video/test/094909.mp4,321,0,1,0
/ssd1/data/processed/LAV-DF/video/test/027104.mp4,141,0,0,1
/ssd1/data/processed/LAV-DF/video/test/076406.mp4,317,0,0,0
/ssd1/data/processed/LAV-DF/video/test/063970.mp4,200,0,0,0
/ssd1/data/processed/LAV-DF/video/test/003828.mp4,198,0,0,1
/ssd1/data/processed/LAV-DF/video/test/114388.mp4,107,0,1,0
/ssd1/data/processed/LAV-DF/video/test/001228.mp4,329,0,0,0
/ssd1/data/processed/LAV-DF/video/test/027051.mp4,158,0,0,0
/ssd1/data/processed/LAV-DF/video/test/022732.mp4,102,0,0,0
/ssd1/data/processed/LAV-DF/video/test/041418.mp4,125,0,1,0
/ssd1/data/processed/LAV-DF/video/test/126433.mp4,131,0,0,0
/ssd1/data/processed/LAV-DF/video/test/131567.mp4,182,0,0,1
/ssd1/data/processed/LAV-DF/video/test/046527.mp4,141,0,1,0
/ssd1/data/processed/LAV-DF/video/test/022564.mp4,112,0,0,0
/ssd1/data/processed/LAV-DF/video/test/048234.mp4,231,0,0,1
/ssd1/data/processed/LAV-DF/video/test/115102.mp4,191,0,1,0
/ssd1/data/processed/LAV-DF/video/test/125377.mp4,314,0,0,1
/ssd1/data/processed/LAV-DF/video/test/077785.mp4,401,0,0,0
/ssd1/data/processed/LAV-DF/video/test/131864.mp4,153,0,0,1
/ssd1/data/processed/LAV-DF/video/test/075844.mp4,137,0,1,0
/ssd1/data/processed/LAV-DF/video/test/134367.mp4,159,0,0,1
/ssd1/data/processed/LAV-DF/video/test/130532.mp4,289,0,0,0
/ssd1/data/processed/LAV-DF/video/test/130785.mp4,260,0,1,0
/ssd1/data/processed/LAV-DF/video/test/012660.mp4,120,0,1,0
/ssd1/data/processed/LAV-DF/video/test/003332.mp4,185,0,0,1
/ssd1/data/processed/LAV-DF/video/test/000271.mp4,283,0,0,0
/ssd1/data/processed/LAV-DF/video/test/000411.mp4,221,0,0,1
/ssd1/data/processed/LAV-DF/video/test/003539.mp4,114,0,0,1
/ssd1/data/processed/LAV-DF/video/test/078350.mp4,123,0,0,0
/ssd1/data/processed/LAV-DF/video/test/132018.mp4,143,0,0,0
/ssd1/data/processed/LAV-DF/video/test/009739.mp4,132,0,1,0
/ssd1/data/processed/LAV-DF/video/test/114115.mp4,125,0,0,0
/ssd1/data/processed/LAV-DF/video/test/094975.mp4,182,0,0,1
/ssd1/data/processed/LAV-DF/video/test/064207.mp4,290,0,0,0
/ssd1/data/processed/LAV-DF/video/test/022765.mp4,266,0,1,0
/ssd1/data/processed/LAV-DF/video/test/022373.mp4,349,0,0,1
/ssd1/data/processed/LAV-DF/video/test/046234.mp4,239,0,0,0
/ssd1/data/processed/LAV-DF/video/test/076652.mp4,411,0,0,0
/ssd1/data/processed/LAV-DF/video/test/044956.mp4,171,0,0,1
/ssd1/data/processed/LAV-DF/video/test/026913.mp4,251,0,1,0
/ssd1/data/processed/LAV-DF/video/test/105975.mp4,398,0,1,0
/ssd1/data/processed/LAV-DF/video/test/131453.mp4,404,0,0,0
/ssd1/data/processed/LAV-DF/video/test/113837.mp4,338,0,1,0
/ssd1/data/processed/LAV-DF/video/test/029360.mp4,324,0,1,0
/ssd1/data/processed/LAV-DF/video/test/001416.mp4,90,0,0,0
/ssd1/data/processed/LAV-DF/video/test/094536.mp4,414,0,0,0
/ssd1/data/processed/LAV-DF/video/test/010050.mp4,485,0,0,1
/ssd1/data/processed/LAV-DF/video/test/076151.mp4,317,0,0,1
/ssd1/data/processed/LAV-DF/video/test/063747.mp4,119,0,1,0
/ssd1/data/processed/LAV-DF/video/test/046865.mp4,125,0,0,0
/ssd1/data/processed/LAV-DF/video/test/126238.mp4,160,0,1,0
/ssd1/data/processed/LAV-DF/video/test/091361.mp4,182,0,0,0
/ssd1/data/processed/LAV-DF/video/test/029542.mp4,107,0,1,0
/ssd1/data/processed/LAV-DF/video/test/130727.mp4,331,0,1,0
/ssd1/data/processed/LAV-DF/video/test/003191.mp4,243,0,0,1
/ssd1/data/processed/LAV-DF/video/test/048511.mp4,257,0,1,0
/ssd1/data/processed/LAV-DF/video/test/012626.mp4,113,0,0,0
/ssd1/data/processed/LAV-DF/video/test/105321.mp4,139,0,1,0
/ssd1/data/processed/LAV-DF/video/test/091104.mp4,178,0,1,0
/ssd1/data/processed/LAV-DF/video/test/046121.mp4,127,0,0,1
/ssd1/data/processed/LAV-DF/video/test/029532.mp4,249,0,0,0
/ssd1/data/processed/LAV-DF/video/test/126555.mp4,135,0,0,0
/ssd1/data/processed/LAV-DF/video/test/105600.mp4,149,0,1,0
/ssd1/data/processed/LAV-DF/video/test/022839.mp4,111,0,0,0
/ssd1/data/processed/LAV-DF/video/test/131804.mp4,294,0,1,0
/ssd1/data/processed/LAV-DF/video/test/022500.mp4,211,0,0,0
/ssd1/data/processed/LAV-DF/video/test/077304.mp4,205,0,0,0
/ssd1/data/processed/LAV-DF/video/test/090586.mp4,263,0,1,0
/ssd1/data/processed/LAV-DF/video/test/003405.mp4,419,0,0,1
/ssd1/data/processed/LAV-DF/video/test/104891.mp4,449,0,1,0
/ssd1/data/processed/LAV-DF/video/test/022651.mp4,216,0,1,0
/ssd1/data/processed/LAV-DF/video/test/064037.mp4,143,0,0,1
/ssd1/data/processed/LAV-DF/video/test/045127.mp4,212,0,0,1
/ssd1/data/processed/LAV-DF/video/test/105143.mp4,211,0,0,0
/ssd1/data/processed/LAV-DF/video/test/105592.mp4,493,0,0,1
/ssd1/data/processed/LAV-DF/video/test/026809.mp4,488,0,0,1
/ssd1/data/processed/LAV-DF/video/test/106256.mp4,247,0,0,1
/ssd1/data/processed/LAV-DF/video/test/003763.mp4,265,0,1,0
/ssd1/data/processed/LAV-DF/video/test/105837.mp4,121,0,0,1
/ssd1/data/processed/LAV-DF/video/test/125950.mp4,148,0,0,1
/ssd1/data/processed/LAV-DF/video/test/001923.mp4,131,0,0,0
/ssd1/data/processed/LAV-DF/video/test/045851.mp4,125,0,0,1
/ssd1/data/processed/LAV-DF/video/test/114822.mp4,356,0,1,0
/ssd1/data/processed/LAV-DF/video/test/105111.mp4,229,0,1,0
/ssd1/data/processed/LAV-DF/video/test/046098.mp4,123,0,0,0
/ssd1/data/processed/LAV-DF/video/test/026565.mp4,125,0,1,0
/ssd1/data/processed/LAV-DF/video/test/114916.mp4,131,0,1,0
/ssd1/data/processed/LAV-DF/video/test/027009.mp4,368,0,1,0
/ssd1/data/processed/LAV-DF/video/test/125301.mp4,196,0,1,0
/ssd1/data/processed/LAV-DF/video/test/076663.mp4,288,0,1,0
/ssd1/data/processed/LAV-DF/video/test/007427.mp4,337,0,0,1
/ssd1/data/processed/LAV-DF/video/test/130738.mp4,206,0,1,0
/ssd1/data/processed/LAV-DF/video/test/090980.mp4,157,0,1,0
/ssd1/data/processed/LAV-DF/video/test/131743.mp4,129,0,1,0
/ssd1/data/processed/LAV-DF/video/test/130768.mp4,212,0,0,0
/ssd1/data/processed/LAV-DF/video/test/094599.mp4,360,0,0,1
/ssd1/data/processed/LAV-DF/video/test/126596.mp4,316,0,0,0
/ssd1/data/processed/LAV-DF/video/test/022936.mp4,356,0,0,1
/ssd1/data/processed/LAV-DF/video/test/000972.mp4,174,0,0,0
/ssd1/data/processed/LAV-DF/video/test/029363.mp4,321,0,1,0
/ssd1/data/processed/LAV-DF/video/test/105859.mp4,120,0,0,0
/ssd1/data/processed/LAV-DF/video/test/076762.mp4,451,0,0,1
/ssd1/data/processed/LAV-DF/video/test/095579.mp4,241,0,0,0
/ssd1/data/processed/LAV-DF/video/test/090202.mp4,144,0,0,0
/ssd1/data/processed/LAV-DF/video/test/002201.mp4,352,0,1,0
/ssd1/data/processed/LAV-DF/video/test/029763.mp4,144,0,0,0
/ssd1/data/processed/LAV-DF/video/test/090412.mp4,165,0,1,0
/ssd1/data/processed/LAV-DF/video/test/003301.mp4,130,0,0,0
/ssd1/data/processed/LAV-DF/video/test/001663.mp4,259,0,1,0
/ssd1/data/processed/LAV-DF/video/test/000966.mp4,156,0,0,1
/ssd1/data/processed/LAV-DF/video/test/048252.mp4,177,0,0,0
/ssd1/data/processed/LAV-DF/video/test/001394.mp4,320,0,0,0
/ssd1/data/processed/LAV-DF/video/test/095692.mp4,115,0,1,0
/ssd1/data/processed/LAV-DF/video/test/045758.mp4,313,0,1,0
/ssd1/data/processed/LAV-DF/video/test/007400.mp4,208,0,0,1
/ssd1/data/processed/LAV-DF/video/test/044826.mp4,182,0,1,0
/ssd1/data/processed/LAV-DF/video/test/115123.mp4,173,0,0,1
/ssd1/data/processed/LAV-DF/video/test/063874.mp4,270,0,0,0
/ssd1/data/processed/LAV-DF/video/test/003460.mp4,223,0,0,1
/ssd1/data/processed/LAV-DF/video/test/126262.mp4,186,0,0,1
/ssd1/data/processed/LAV-DF/video/test/126984.mp4,328,0,0,0
/ssd1/data/processed/LAV-DF/video/test/046265.mp4,129,0,0,1
/ssd1/data/processed/LAV-DF/video/test/078466.mp4,265,0,1,0
/ssd1/data/processed/LAV-DF/video/test/091538.mp4,113,0,0,1
/ssd1/data/processed/LAV-DF/video/test/134345.mp4,127,0,0,1
/ssd1/data/processed/LAV-DF/video/test/029351.mp4,238,0,0,0
/ssd1/data/processed/LAV-DF/video/test/003968.mp4,456,0,0,1
/ssd1/data/processed/LAV-DF/video/test/063823.mp4,200,0,1,0
/ssd1/data/processed/LAV-DF/video/test/046701.mp4,269,0,1,0
/ssd1/data/processed/LAV-DF/video/test/091449.mp4,294,0,1,0
/ssd1/data/processed/LAV-DF/video/test/003969.mp4,450,0,0,0
/ssd1/data/processed/LAV-DF/video/test/009762.mp4,110,0,0,0
/ssd1/data/processed/LAV-DF/video/test/134131.mp4,158,0,0,1
/ssd1/data/processed/LAV-DF/video/test/125946.mp4,111,0,0,1
/ssd1/data/processed/LAV-DF/video/test/091790.mp4,269,0,0,0
/ssd1/data/processed/LAV-DF/video/test/047157.mp4,190,0,0,1
/ssd1/data/processed/LAV-DF/video/test/134513.mp4,144,0,0,1
/ssd1/data/processed/LAV-DF/video/test/090579.mp4,110,0,1,0
/ssd1/data/processed/LAV-DF/video/test/002710.mp4,442,0,0,0
/ssd1/data/processed/LAV-DF/video/test/002503.mp4,441,0,0,0
/ssd1/data/processed/LAV-DF/video/test/126015.mp4,136,0,0,0
/ssd1/data/processed/LAV-DF/video/test/131946.mp4,113,0,0,1
/ssd1/data/processed/LAV-DF/video/test/046798.mp4,169,0,1,0
/ssd1/data/processed/LAV-DF/video/test/009836.mp4,464,0,0,1
/ssd1/data/processed/LAV-DF/video/test/134251.mp4,151,0,1,0
/ssd1/data/processed/LAV-DF/video/test/129769.mp4,373,0,0,1
/ssd1/data/processed/LAV-DF/video/test/002168.mp4,200,0,0,0
/ssd1/data/processed/LAV-DF/video/test/045295.mp4,229,0,0,0
/ssd1/data/processed/LAV-DF/video/test/002217.mp4,108,0,0,1
/ssd1/data/processed/LAV-DF/video/test/096180.mp4,336,0,1,0
/ssd1/data/processed/LAV-DF/video/test/115037.mp4,141,0,0,1
/ssd1/data/processed/LAV-DF/video/test/002915.mp4,289,0,1,0
/ssd1/data/processed/LAV-DF/video/test/063792.mp4,122,0,0,0
/ssd1/data/processed/LAV-DF/video/test/131543.mp4,339,0,0,1
/ssd1/data/processed/LAV-DF/video/test/134675.mp4,126,0,1,0
/ssd1/data/processed/LAV-DF/video/test/134525.mp4,269,0,0,1
/ssd1/data/processed/LAV-DF/video/test/134872.mp4,174,0,1,0
/ssd1/data/processed/LAV-DF/video/test/002336.mp4,189,0,0,1
/ssd1/data/processed/LAV-DF/video/test/090919.mp4,209,0,0,0
/ssd1/data/processed/LAV-DF/video/test/029549.mp4,121,0,0,0
/ssd1/data/processed/LAV-DF/video/test/106402.mp4,172,0,0,1
/ssd1/data/processed/LAV-DF/video/test/126885.mp4,159,0,0,0
/ssd1/data/processed/LAV-DF/video/test/003493.mp4,163,0,1,0
/ssd1/data/processed/LAV-DF/video/test/004038.mp4,205,0,1,0
/ssd1/data/processed/LAV-DF/video/test/077179.mp4,336,0,1,0
/ssd1/data/processed/LAV-DF/video/test/078068.mp4,116,0,1,0
/ssd1/data/processed/LAV-DF/video/test/076924.mp4,103,0,0,0
/ssd1/data/processed/LAV-DF/video/test/001152.mp4,284,0,0,0
/ssd1/data/processed/LAV-DF/video/test/091099.mp4,154,0,1,0
/ssd1/data/processed/LAV-DF/video/test/047023.mp4,167,0,0,0
/ssd1/data/processed/LAV-DF/video/test/063862.mp4,440,0,1,0
/ssd1/data/processed/LAV-DF/video/test/046441.mp4,128,0,0,0
/ssd1/data/processed/LAV-DF/video/test/002365.mp4,476,0,0,0
/ssd1/data/processed/LAV-DF/video/test/003809.mp4,163,0,1,0
/ssd1/data/processed/LAV-DF/video/test/000451.mp4,395,0,1,0
/ssd1/data/processed/LAV-DF/video/test/090285.mp4,254,0,0,1
/ssd1/data/processed/LAV-DF/video/test/047176.mp4,129,0,1,0
/ssd1/data/processed/LAV-DF/video/test/130264.mp4,379,0,0,1
/ssd1/data/processed/LAV-DF/video/test/001184.mp4,230,0,1,0
/ssd1/data/processed/LAV-DF/video/test/021918.mp4,112,0,1,0
/ssd1/data/processed/LAV-DF/video/test/048502.mp4,130,0,0,0
/ssd1/data/processed/LAV-DF/video/test/027043.mp4,259,0,0,0
/ssd1/data/processed/LAV-DF/video/test/106031.mp4,132,0,1,0
/ssd1/data/processed/LAV-DF/video/test/046637.mp4,153,0,0,0
/ssd1/data/processed/LAV-DF/video/test/125689.mp4,132,0,1,0
/ssd1/data/processed/LAV-DF/video/test/001112.mp4,265,0,1,0
/ssd1/data/processed/LAV-DF/video/test/003196.mp4,304,0,0,1
/ssd1/data/processed/LAV-DF/video/test/063700.mp4,186,0,1,0
/ssd1/data/processed/LAV-DF/video/test/114738.mp4,124,0,0,0
/ssd1/data/processed/LAV-DF/video/test/001676.mp4,348,0,0,0
/ssd1/data/processed/LAV-DF/video/test/105266.mp4,269,0,1,0
/ssd1/data/processed/LAV-DF/video/test/130271.mp4,276,0,0,1
/ssd1/data/processed/LAV-DF/video/test/063980.mp4,219,0,0,1
/ssd1/data/processed/LAV-DF/video/test/041220.mp4,144,0,0,1
/ssd1/data/processed/LAV-DF/video/test/041308.mp4,118,0,1,0
/ssd1/data/processed/LAV-DF/video/test/029739.mp4,222,0,0,0
/ssd1/data/processed/LAV-DF/video/test/002462.mp4,322,0,0,0
/ssd1/data/processed/LAV-DF/video/test/077479.mp4,364,0,0,0
/ssd1/data/processed/LAV-DF/video/test/063662.mp4,194,0,0,0
/ssd1/data/processed/LAV-DF/video/test/012618.mp4,125,0,0,0
/ssd1/data/processed/LAV-DF/video/test/029699.mp4,147,0,1,0
/ssd1/data/processed/LAV-DF/video/test/129608.mp4,129,0,0,0
/ssd1/data/processed/LAV-DF/video/test/012715.mp4,197,0,0,1
/ssd1/data/processed/LAV-DF/video/test/000211.mp4,87,0,0,1
/ssd1/data/processed/LAV-DF/video/test/131506.mp4,221,0,1,0
/ssd1/data/processed/LAV-DF/video/test/001546.mp4,139,0,0,0
/ssd1/data/processed/LAV-DF/video/test/002202.mp4,356,0,0,1
/ssd1/data/processed/LAV-DF/video/test/114296.mp4,133,0,0,0
/ssd1/data/processed/LAV-DF/video/test/022369.mp4,343,0,1,0
/ssd1/data/processed/LAV-DF/video/test/076183.mp4,134,0,0,0
/ssd1/data/processed/LAV-DF/video/test/126228.mp4,265,0,0,1
/ssd1/data/processed/LAV-DF/video/test/129922.mp4,476,0,0,1
/ssd1/data/processed/LAV-DF/video/test/096045.mp4,138,0,1,0
/ssd1/data/processed/LAV-DF/video/test/003761.mp4,299,0,0,1
/ssd1/data/processed/LAV-DF/video/test/002212.mp4,303,0,1,0
/ssd1/data/processed/LAV-DF/video/test/095680.mp4,312,0,0,1
/ssd1/data/processed/LAV-DF/video/test/003335.mp4,374,0,1,0
/ssd1/data/processed/LAV-DF/video/test/094860.mp4,107,0,1,0
/ssd1/data/processed/LAV-DF/video/test/095262.mp4,134,0,1,0
/ssd1/data/processed/LAV-DF/video/test/105238.mp4,136,0,0,1
/ssd1/data/processed/LAV-DF/video/test/001819.mp4,157,0,0,1
/ssd1/data/processed/LAV-DF/video/test/077438.mp4,129,0,1,0
/ssd1/data/processed/LAV-DF/video/test/090489.mp4,403,0,0,0
/ssd1/data/processed/LAV-DF/video/test/078459.mp4,286,0,1,0
/ssd1/data/processed/LAV-DF/video/test/027171.mp4,314,0,1,0
/ssd1/data/processed/LAV-DF/video/test/002500.mp4,453,0,0,0
/ssd1/data/processed/LAV-DF/video/test/002621.mp4,121,0,0,0
/ssd1/data/processed/LAV-DF/video/test/027227.mp4,387,0,0,0
/ssd1/data/processed/LAV-DF/video/test/022805.mp4,334,0,0,1
/ssd1/data/processed/LAV-DF/video/test/026827.mp4,184,0,1,0
/ssd1/data/processed/LAV-DF/video/test/095710.mp4,216,0,0,1
/ssd1/data/processed/LAV-DF/video/test/077677.mp4,207,0,1,0
/ssd1/data/processed/LAV-DF/video/test/096012.mp4,354,0,0,0
/ssd1/data/processed/LAV-DF/video/test/078338.mp4,118,0,1,0
/ssd1/data/processed/LAV-DF/video/test/076178.mp4,277,0,0,0
/ssd1/data/processed/LAV-DF/video/test/009884.mp4,147,0,1,0
/ssd1/data/processed/LAV-DF/video/test/134593.mp4,307,0,0,1
/ssd1/data/processed/LAV-DF/video/test/106296.mp4,129,0,0,1
/ssd1/data/processed/LAV-DF/video/test/007451.mp4,176,0,0,1
/ssd1/data/processed/LAV-DF/video/test/000425.mp4,278,0,0,1
/ssd1/data/processed/LAV-DF/video/test/046642.mp4,155,0,1,0
/ssd1/data/processed/LAV-DF/video/test/009920.mp4,149,0,1,0
/ssd1/data/processed/LAV-DF/video/test/095535.mp4,110,0,1,0
/ssd1/data/processed/LAV-DF/video/test/095311.mp4,124,0,1,0
/ssd1/data/processed/LAV-DF/video/test/094725.mp4,308,0,0,0
/ssd1/data/processed/LAV-DF/video/test/045958.mp4,193,0,1,0
/ssd1/data/processed/LAV-DF/video/test/105453.mp4,241,0,0,0
/ssd1/data/processed/LAV-DF/video/test/003251.mp4,161,0,1,0
/ssd1/data/processed/LAV-DF/video/test/077758.mp4,170,0,0,0
/ssd1/data/processed/LAV-DF/video/test/094570.mp4,117,0,1,0
/ssd1/data/processed/LAV-DF/video/test/094900.mp4,470,0,0,1
/ssd1/data/processed/LAV-DF/video/test/063742.mp4,139,0,0,0
/ssd1/data/processed/LAV-DF/video/test/114751.mp4,145,0,1,0
/ssd1/data/processed/LAV-DF/video/test/012803.mp4,255,0,0,0
/ssd1/data/processed/LAV-DF/video/test/026651.mp4,437,0,0,1
/ssd1/data/processed/LAV-DF/video/test/000453.mp4,408,0,0,0
/ssd1/data/processed/LAV-DF/video/test/003915.mp4,183,0,0,0
/ssd1/data/processed/LAV-DF/video/test/044997.mp4,227,0,0,0
/ssd1/data/processed/LAV-DF/video/test/134083.mp4,139,0,0,0
/ssd1/data/processed/LAV-DF/video/test/046725.mp4,188,0,1,0
/ssd1/data/processed/LAV-DF/video/test/022711.mp4,154,0,0,1
/ssd1/data/processed/LAV-DF/video/test/078654.mp4,180,0,0,0
/ssd1/data/processed/LAV-DF/video/test/129692.mp4,190,0,0,0
/ssd1/data/processed/LAV-DF/video/test/132031.mp4,395,0,1,0
/ssd1/data/processed/LAV-DF/video/test/046096.mp4,179,0,0,1
/ssd1/data/processed/LAV-DF/video/test/041401.mp4,144,0,1,0
/ssd1/data/processed/LAV-DF/video/test/041309.mp4,121,0,0,1
/ssd1/data/processed/LAV-DF/video/test/131810.mp4,77,0,0,0
/ssd1/data/processed/LAV-DF/video/test/094941.mp4,210,0,0,1
/ssd1/data/processed/LAV-DF/video/test/131941.mp4,259,0,1,0
/ssd1/data/processed/LAV-DF/video/test/105292.mp4,167,0,0,0
/ssd1/data/processed/LAV-DF/video/test/094575.mp4,130,0,0,1
/ssd1/data/processed/LAV-DF/video/test/130321.mp4,207,0,1,0
/ssd1/data/processed/LAV-DF/video/test/077360.mp4,156,0,1,0
/ssd1/data/processed/LAV-DF/video/test/125580.mp4,157,0,0,0
/ssd1/data/processed/LAV-DF/video/test/044742.mp4,324,0,0,0
/ssd1/data/processed/LAV-DF/video/test/000225.mp4,192,0,0,0
/ssd1/data/processed/LAV-DF/video/test/105755.mp4,112,0,0,0
/ssd1/data/processed/LAV-DF/video/test/113981.mp4,158,0,1,0
/ssd1/data/processed/LAV-DF/video/test/131435.mp4,472,0,0,0
/ssd1/data/processed/LAV-DF/video/test/131978.mp4,317,0,0,0
/ssd1/data/processed/LAV-DF/video/test/076009.mp4,160,0,1,0
/ssd1/data/processed/LAV-DF/video/test/105400.mp4,195,0,0,0
/ssd1/data/processed/LAV-DF/video/test/046790.mp4,122,0,1,0
/ssd1/data/processed/LAV-DF/video/test/091368.mp4,148,0,0,1
/ssd1/data/processed/LAV-DF/video/test/078514.mp4,295,0,0,1
/ssd1/data/processed/LAV-DF/video/test/094490.mp4,408,0,1,0
/ssd1/data/processed/LAV-DF/video/test/009529.mp4,486,0,1,0
/ssd1/data/processed/LAV-DF/video/test/000965.mp4,145,0,1,0
/ssd1/data/processed/LAV-DF/video/test/126105.mp4,466,0,0,0
/ssd1/data/processed/LAV-DF/video/test/134742.mp4,451,0,1,0
/ssd1/data/processed/LAV-DF/video/test/096162.mp4,235,0,0,1
/ssd1/data/processed/LAV-DF/video/test/106115.mp4,271,0,0,1
/ssd1/data/processed/LAV-DF/video/test/131721.mp4,121,0,0,0
/ssd1/data/processed/LAV-DF/video/test/029314.mp4,414,0,1,0
/ssd1/data/processed/LAV-DF/video/test/022402.mp4,171,0,0,0
/ssd1/data/processed/LAV-DF/video/test/131298.mp4,193,0,0,0
/ssd1/data/processed/LAV-DF/video/test/091081.mp4,174,0,1,0
/ssd1/data/processed/LAV-DF/video/test/002626.mp4,147,0,0,0
/ssd1/data/processed/LAV-DF/video/test/001334.mp4,449,0,0,1
/ssd1/data/processed/LAV-DF/video/test/091847.mp4,156,0,0,0
/ssd1/data/processed/LAV-DF/video/test/095285.mp4,125,0,1,0
/ssd1/data/processed/LAV-DF/video/test/129895.mp4,237,0,0,0
/ssd1/data/processed/LAV-DF/video/test/129933.mp4,247,0,0,1
/ssd1/data/processed/LAV-DF/video/test/046610.mp4,219,0,1,0
/ssd1/data/processed/LAV-DF/video/test/135106.mp4,155,0,1,0
/ssd1/data/processed/LAV-DF/video/test/041375.mp4,183,0,1,0
/ssd1/data/processed/LAV-DF/video/test/026580.mp4,288,0,1,0
/ssd1/data/processed/LAV-DF/video/test/000233.mp4,131,0,0,0
/ssd1/data/processed/LAV-DF/video/test/077938.mp4,115,0,1,0
/ssd1/data/processed/LAV-DF/video/test/003675.mp4,199,0,0,1
/ssd1/data/processed/LAV-DF/video/test/114186.mp4,147,0,0,0
/ssd1/data/processed/LAV-DF/video/test/022663.mp4,165,0,1,0
/ssd1/data/processed/LAV-DF/video/test/001391.mp4,202,0,1,0
/ssd1/data/processed/LAV-DF/video/test/125533.mp4,338,0,0,0
/ssd1/data/processed/LAV-DF/video/test/130391.mp4,375,0,0,0
/ssd1/data/processed/LAV-DF/video/test/135169.mp4,210,0,1,0
/ssd1/data/processed/LAV-DF/video/test/003726.mp4,107,0,1,0
/ssd1/data/processed/LAV-DF/video/test/135110.mp4,266,0,1,0
/ssd1/data/processed/LAV-DF/video/test/105207.mp4,127,0,0,1
/ssd1/data/processed/LAV-DF/video/test/044897.mp4,112,0,0,0
/ssd1/data/processed/LAV-DF/video/test/000922.mp4,130,0,1,0
/ssd1/data/processed/LAV-DF/video/test/021929.mp4,114,0,0,1
/ssd1/data/processed/LAV-DF/video/test/105382.mp4,175,0,0,1
/ssd1/data/processed/LAV-DF/video/test/000128.mp4,189,0,1,0
/ssd1/data/processed/LAV-DF/video/test/077107.mp4,284,0,1,0
/ssd1/data/processed/LAV-DF/video/test/091596.mp4,113,0,0,1
/ssd1/data/processed/LAV-DF/video/test/115008.mp4,94,0,0,1
/ssd1/data/processed/LAV-DF/video/test/095909.mp4,317,0,0,1
/ssd1/data/processed/LAV-DF/video/test/126692.mp4,282,0,0,1
/ssd1/data/processed/LAV-DF/video/test/003748.mp4,131,0,0,1
/ssd1/data/processed/LAV-DF/video/test/027074.mp4,323,0,1,0
/ssd1/data/processed/LAV-DF/video/test/001620.mp4,337,0,1,0
/ssd1/data/processed/LAV-DF/video/test/063718.mp4,317,0,0,0
/ssd1/data/processed/LAV-DF/video/test/001117.mp4,421,0,0,1
/ssd1/data/processed/LAV-DF/video/test/129975.mp4,142,0,1,0
/ssd1/data/processed/LAV-DF/video/test/131823.mp4,105,0,1,0
/ssd1/data/processed/LAV-DF/video/test/004010.mp4,118,0,0,0
/ssd1/data/processed/LAV-DF/video/test/129591.mp4,151,0,0,0
/ssd1/data/processed/LAV-DF/video/test/045224.mp4,346,0,0,0
/ssd1/data/processed/LAV-DF/video/test/078537.mp4,148,0,1,0
/ssd1/data/processed/LAV-DF/video/test/134958.mp4,135,0,0,0
/ssd1/data/processed/LAV-DF/video/test/126311.mp4,144,0,0,0
/ssd1/data/processed/LAV-DF/video/test/091002.mp4,116,0,0,0
/ssd1/data/processed/LAV-DF/video/test/094612.mp4,290,0,0,0
/ssd1/data/processed/LAV-DF/video/test/000291.mp4,123,0,0,1
/ssd1/data/processed/LAV-DF/video/test/090649.mp4,420,0,0,1
/ssd1/data/processed/LAV-DF/video/test/009963.mp4,137,0,0,1
/ssd1/data/processed/LAV-DF/video/test/095515.mp4,192,0,0,0
/ssd1/data/processed/LAV-DF/video/test/041210.mp4,220,0,0,0
/ssd1/data/processed/LAV-DF/video/test/029831.mp4,158,0,0,1
/ssd1/data/processed/LAV-DF/video/test/045692.mp4,285,0,1,0
/ssd1/data/processed/LAV-DF/video/test/002233.mp4,263,0,0,0
/ssd1/data/processed/LAV-DF/video/test/022059.mp4,283,0,1,0
/ssd1/data/processed/LAV-DF/video/test/001040.mp4,142,0,1,0
/ssd1/data/processed/LAV-DF/video/test/077880.mp4,195,0,0,1
/ssd1/data/processed/LAV-DF/video/test/106409.mp4,103,0,1,0
/ssd1/data/processed/LAV-DF/video/test/009930.mp4,414,0,0,0
/ssd1/data/processed/LAV-DF/video/test/134744.mp4,458,0,0,0
/ssd1/data/processed/LAV-DF/video/test/114362.mp4,272,0,0,0
/ssd1/data/processed/LAV-DF/video/test/134622.mp4,164,0,0,0
/ssd1/data/processed/LAV-DF/video/test/125717.mp4,164,0,1,0
/ssd1/data/processed/LAV-DF/video/test/002593.mp4,101,0,0,0
/ssd1/data/processed/LAV-DF/video/test/132027.mp4,424,0,1,0
/ssd1/data/processed/LAV-DF/video/test/130780.mp4,138,0,0,0
/ssd1/data/processed/LAV-DF/video/test/125378.mp4,314,0,0,0
/ssd1/data/processed/LAV-DF/video/test/002937.mp4,143,0,0,0
/ssd1/data/processed/LAV-DF/video/test/000185.mp4,225,0,0,1
/ssd1/data/processed/LAV-DF/video/test/113880.mp4,206,0,0,1
/ssd1/data/processed/LAV-DF/video/test/001959.mp4,110,0,1,0
/ssd1/data/processed/LAV-DF/video/test/126219.mp4,117,0,0,0
/ssd1/data/processed/LAV-DF/video/test/029789.mp4,105,0,0,1
/ssd1/data/processed/LAV-DF/video/test/026836.mp4,125,0,0,1
/ssd1/data/processed/LAV-DF/video/test/022098.mp4,123,0,0,0
/ssd1/data/processed/LAV-DF/video/test/076908.mp4,122,0,0,1
/ssd1/data/processed/LAV-DF/video/test/106209.mp4,322,0,1,0
/ssd1/data/processed/LAV-DF/video/test/046091.mp4,108,0,0,1
/ssd1/data/processed/LAV-DF/video/test/131209.mp4,197,0,1,0
/ssd1/data/processed/LAV-DF/video/test/104984.mp4,403,0,0,1
/ssd1/data/processed/LAV-DF/video/test/126753.mp4,220,0,1,0
/ssd1/data/processed/LAV-DF/video/test/012526.mp4,148,0,0,0
/ssd1/data/processed/LAV-DF/video/test/126005.mp4,401,0,0,1
/ssd1/data/processed/LAV-DF/video/test/091386.mp4,150,0,0,1
/ssd1/data/processed/LAV-DF/video/test/029679.mp4,189,0,0,1
/ssd1/data/processed/LAV-DF/video/test/125248.mp4,153,0,1,0
/ssd1/data/processed/LAV-DF/video/test/130848.mp4,283,0,0,1
/ssd1/data/processed/LAV-DF/video/test/091649.mp4,120,0,0,1
/ssd1/data/processed/LAV-DF/video/test/003252.mp4,173,0,0,1
/ssd1/data/processed/LAV-DF/video/test/046680.mp4,181,0,1,0
/ssd1/data/processed/LAV-DF/video/test/105054.mp4,275,0,0,1
/ssd1/data/processed/LAV-DF/video/test/003974.mp4,135,0,0,0
/ssd1/data/processed/LAV-DF/video/test/105189.mp4,262,0,0,0
/ssd1/data/processed/LAV-DF/video/test/077023.mp4,200,0,0,0
/ssd1/data/processed/LAV-DF/video/test/002099.mp4,181,0,0,0
/ssd1/data/processed/LAV-DF/video/test/095274.mp4,130,0,1,0
/ssd1/data/processed/LAV-DF/video/test/026747.mp4,196,0,0,0
/ssd1/data/processed/LAV-DF/video/test/077182.mp4,271,0,0,0
/ssd1/data/processed/LAV-DF/video/test/045869.mp4,234,0,1,0
/ssd1/data/processed/LAV-DF/video/test/131053.mp4,100,0,0,0
/ssd1/data/processed/LAV-DF/video/test/005902.mp4,343,0,0,1
/ssd1/data/processed/LAV-DF/video/test/105103.mp4,159,0,1,0
/ssd1/data/processed/LAV-DF/video/test/009932.mp4,412,0,0,1
/ssd1/data/processed/LAV-DF/video/test/022895.mp4,133,0,0,1
/ssd1/data/processed/LAV-DF/video/test/077516.mp4,420,0,0,0
/ssd1/data/processed/LAV-DF/video/test/104959.mp4,494,0,0,1
/ssd1/data/processed/LAV-DF/video/test/045818.mp4,120,0,1,0
/ssd1/data/processed/LAV-DF/video/test/095099.mp4,118,0,1,0
/ssd1/data/processed/LAV-DF/video/test/134769.mp4,212,0,0,0
/ssd1/data/processed/LAV-DF/video/test/005959.mp4,328,0,0,0
/ssd1/data/processed/LAV-DF/video/test/002440.mp4,348,0,0,0
/ssd1/data/processed/LAV-DF/video/test/022783.mp4,332,0,0,0
/ssd1/data/processed/LAV-DF/video/test/094610.mp4,281,0,1,0
/ssd1/data/processed/LAV-DF/video/test/090101.mp4,128,0,0,1
/ssd1/data/processed/LAV-DF/video/test/045904.mp4,196,0,0,0
/ssd1/data/processed/LAV-DF/video/test/090241.mp4,269,0,0,1
/ssd1/data/processed/LAV-DF/video/test/029290.mp4,124,0,1,0
/ssd1/data/processed/LAV-DF/video/test/003413.mp4,339,0,0,0
/ssd1/data/processed/LAV-DF/video/test/022255.mp4,349,0,0,1
/ssd1/data/processed/LAV-DF/video/test/134014.mp4,119,0,0,1
/ssd1/data/processed/LAV-DF/video/test/095630.mp4,276,0,0,0
/ssd1/data/processed/LAV-DF/video/test/130910.mp4,173,0,0,0
/ssd1/data/processed/LAV-DF/video/test/046643.mp4,171,0,0,1
/ssd1/data/processed/LAV-DF/video/test/078419.mp4,168,0,1,0
/ssd1/data/processed/LAV-DF/video/test/105442.mp4,147,0,1,0
/ssd1/data/processed/LAV-DF/video/test/002753.mp4,187,0,0,0
/ssd1/data/processed/LAV-DF/video/test/078672.mp4,106,0,1,0
/ssd1/data/processed/LAV-DF/video/test/026588.mp4,163,0,1,0
/ssd1/data/processed/LAV-DF/video/test/104880.mp4,390,0,0,0
/ssd1/data/processed/LAV-DF/video/test/091389.mp4,265,0,1,0
/ssd1/data/processed/LAV-DF/video/test/126622.mp4,233,0,1,0
/ssd1/data/processed/LAV-DF/video/test/046169.mp4,224,0,1,0
/ssd1/data/processed/LAV-DF/video/test/005823.mp4,141,0,0,1
/ssd1/data/processed/LAV-DF/video/test/106169.mp4,150,0,0,0
/ssd1/data/processed/LAV-DF/video/test/044764.mp4,265,0,1,0
/ssd1/data/processed/LAV-DF/video/test/041599.mp4,177,0,0,1
/ssd1/data/processed/LAV-DF/video/test/130824.mp4,290,0,0,1
/ssd1/data/processed/LAV-DF/video/test/026715.mp4,115,0,1,0
/ssd1/data/processed/LAV-DF/video/test/134902.mp4,120,0,0,1
/ssd1/data/processed/LAV-DF/video/test/064248.mp4,119,0,0,1
/ssd1/data/processed/LAV-DF/video/test/003890.mp4,154,0,0,1
/ssd1/data/processed/LAV-DF/video/test/076004.mp4,258,0,0,0
/ssd1/data/processed/LAV-DF/video/test/078047.mp4,204,0,0,0
/ssd1/data/processed/LAV-DF/video/test/045842.mp4,482,0,0,0
/ssd1/data/processed/LAV-DF/video/test/063822.mp4,217,0,0,0
/ssd1/data/processed/LAV-DF/video/test/134081.mp4,316,0,0,1
/ssd1/data/processed/LAV-DF/video/test/095907.mp4,319,0,0,0
/ssd1/data/processed/LAV-DF/video/test/047156.mp4,174,0,1,0
/ssd1/data/processed/LAV-DF/video/test/012643.mp4,151,0,0,0
/ssd1/data/processed/LAV-DF/video/test/131325.mp4,379,0,0,1
/ssd1/data/processed/LAV-DF/video/test/129768.mp4,356,0,1,0
/ssd1/data/processed/LAV-DF/video/test/131151.mp4,297,0,0,0
/ssd1/data/processed/LAV-DF/video/test/027238.mp4,401,0,0,0
/ssd1/data/processed/LAV-DF/video/test/130730.mp4,397,0,0,0
/ssd1/data/processed/LAV-DF/video/test/002363.mp4,317,0,0,1
/ssd1/data/processed/LAV-DF/video/test/063726.mp4,193,0,0,0
/ssd1/data/processed/LAV-DF/video/test/078609.mp4,180,0,0,1
/ssd1/data/processed/LAV-DF/video/test/046409.mp4,197,0,0,0
/ssd1/data/processed/LAV-DF/video/test/045886.mp4,306,0,1,0
/ssd1/data/processed/LAV-DF/video/test/125913.mp4,312,0,0,0
/ssd1/data/processed/LAV-DF/video/test/131485.mp4,363,0,0,0
/ssd1/data/processed/LAV-DF/video/test/046510.mp4,131,0,0,0
/ssd1/data/processed/LAV-DF/video/test/129600.mp4,132,0,0,0
/ssd1/data/processed/LAV-DF/video/test/045873.mp4,100,0,1,0
/ssd1/data/processed/LAV-DF/video/test/003246.mp4,403,0,0,0
/ssd1/data/processed/LAV-DF/video/test/009970.mp4,130,0,0,0
/ssd1/data/processed/LAV-DF/video/test/131854.mp4,413,0,0,1
/ssd1/data/processed/LAV-DF/video/test/003625.mp4,191,0,0,0
/ssd1/data/processed/LAV-DF/video/test/106034.mp4,241,0,0,0
/ssd1/data/processed/LAV-DF/video/test/063761.mp4,142,0,0,1
/ssd1/data/processed/LAV-DF/video/test/005798.mp4,311,0,0,0
/ssd1/data/processed/LAV-DF/video/test/094529.mp4,238,0,0,0
/ssd1/data/processed/LAV-DF/video/test/009539.mp4,364,0,1,0
/ssd1/data/processed/LAV-DF/video/test/095422.mp4,457,0,0,1
/ssd1/data/processed/LAV-DF/video/test/114072.mp4,111,0,0,0
/ssd1/data/processed/LAV-DF/video/test/029724.mp4,358,0,0,1
/ssd1/data/processed/LAV-DF/video/test/131498.mp4,228,0,1,0
/ssd1/data/processed/LAV-DF/video/test/133941.mp4,123,0,1,0
/ssd1/data/processed/LAV-DF/video/test/131816.mp4,147,0,0,1
/ssd1/data/processed/LAV-DF/video/test/000025.mp4,243,0,0,0
/ssd1/data/processed/LAV-DF/video/test/077309.mp4,115,0,1,0
/ssd1/data/processed/LAV-DF/video/test/041498.mp4,160,0,0,1
/ssd1/data/processed/LAV-DF/video/test/029588.mp4,131,0,0,1
/ssd1/data/processed/LAV-DF/video/test/090864.mp4,112,0,0,0
/ssd1/data/processed/LAV-DF/video/test/022100.mp4,122,0,0,1
/ssd1/data/processed/LAV-DF/video/test/022332.mp4,224,0,0,1
/ssd1/data/processed/LAV-DF/video/test/130590.mp4,346,0,0,1
/ssd1/data/processed/LAV-DF/video/test/029694.mp4,178,0,0,0
/ssd1/data/processed/LAV-DF/video/test/022051.mp4,227,0,0,0
/ssd1/data/processed/LAV-DF/video/test/076252.mp4,383,0,0,0
/ssd1/data/processed/LAV-DF/video/test/002263.mp4,112,0,1,0
/ssd1/data/processed/LAV-DF/video/test/001283.mp4,102,0,1,0
/ssd1/data/processed/LAV-DF/video/test/125856.mp4,125,0,0,0
/ssd1/data/processed/LAV-DF/video/test/029529.mp4,128,0,0,1
/ssd1/data/processed/LAV-DF/video/test/046903.mp4,173,0,1,0
/ssd1/data/processed/LAV-DF/video/test/125886.mp4,171,0,0,0
/ssd1/data/processed/LAV-DF/video/test/044885.mp4,133,0,0,0
/ssd1/data/processed/LAV-DF/video/test/063567.mp4,120,0,0,0
/ssd1/data/processed/LAV-DF/video/test/002947.mp4,167,0,0,1
/ssd1/data/processed/LAV-DF/video/test/044923.mp4,116,0,0,1
/ssd1/data/processed/LAV-DF/video/test/095609.mp4,450,0,0,1
/ssd1/data/processed/LAV-DF/video/test/095167.mp4,240,0,1,0
/ssd1/data/processed/LAV-DF/video/test/091261.mp4,194,0,0,0
/ssd1/data/processed/LAV-DF/video/test/130155.mp4,161,0,0,0
/ssd1/data/processed/LAV-DF/video/test/002445.mp4,259,0,1,0
/ssd1/data/processed/LAV-DF/video/test/003338.mp4,372,0,1,0
/ssd1/data/processed/LAV-DF/video/test/075874.mp4,232,0,0,1
/ssd1/data/processed/LAV-DF/video/test/131236.mp4,156,0,0,1
/ssd1/data/processed/LAV-DF/video/test/041205.mp4,140,0,1,0
/ssd1/data/processed/LAV-DF/video/test/094859.mp4,129,0,0,0
/ssd1/data/processed/LAV-DF/video/test/125685.mp4,119,0,0,1
/ssd1/data/processed/LAV-DF/video/test/022291.mp4,163,0,0,0
/ssd1/data/processed/LAV-DF/video/test/125543.mp4,351,0,0,1
/ssd1/data/processed/LAV-DF/video/test/090310.mp4,151,0,0,0
/ssd1/data/processed/LAV-DF/video/test/105823.mp4,222,0,0,0
/ssd1/data/processed/LAV-DF/video/test/026722.mp4,474,0,0,0
/ssd1/data/processed/LAV-DF/video/test/095593.mp4,143,0,1,0
/ssd1/data/processed/LAV-DF/video/test/126338.mp4,185,0,0,1
/ssd1/data/processed/LAV-DF/video/test/076676.mp4,307,0,0,1
/ssd1/data/processed/LAV-DF/video/test/114387.mp4,116,0,0,0
/ssd1/data/processed/LAV-DF/video/test/090928.mp4,136,0,0,0
/ssd1/data/processed/LAV-DF/video/test/046782.mp4,162,0,1,0
/ssd1/data/processed/LAV-DF/video/test/046470.mp4,179,0,0,0
/ssd1/data/processed/LAV-DF/video/test/004047.mp4,265,0,0,1
/ssd1/data/processed/LAV-DF/video/test/045894.mp4,180,0,0,1
/ssd1/data/processed/LAV-DF/video/test/095399.mp4,428,0,0,1
/ssd1/data/processed/LAV-DF/video/test/090389.mp4,248,0,1,0
/ssd1/data/processed/LAV-DF/video/test/114760.mp4,121,0,0,0
/ssd1/data/processed/LAV-DF/video/test/126380.mp4,321,0,0,1
/ssd1/data/processed/LAV-DF/video/test/114131.mp4,140,0,0,0
/ssd1/data/processed/LAV-DF/video/test/044879.mp4,128,0,0,1
/ssd1/data/processed/LAV-DF/video/test/095924.mp4,477,0,0,1
/ssd1/data/processed/LAV-DF/video/test/095904.mp4,334,0,0,0
