/ssd1/data/processed/DFDC/video/train_sample_videos/cdphtzqrvp.mp4,252,0,1,0
/ssd1/data/processed/DFDC/video/train_sample_videos/dkdwxmtpuo.mp4,252,0,1,0
/ssd1/data/processed/DFDC/video/train_sample_videos/dzqwgqewhu.mp4,252,0,1,0
/ssd1/data/processed/DFDC/video/train_sample_videos/dbnygxtwek.mp4,252,1,1,1
/ssd1/data/processed/DFDC/video/train_sample_videos/bgwmmujlmc.mp4,252,1,1,1
/ssd1/data/processed/DFDC/video/train_sample_videos/bguwlyazau.mp4,252,0,1,0
/ssd1/data/processed/DFDC/video/train_sample_videos/bwipwzzxxu.mp4,252,1,1,1
/ssd1/data/processed/DFDC/video/train_sample_videos/dgmevclvzy.mp4,252,0,1,0
/ssd1/data/processed/DFDC/video/train_sample_videos/egbbcxcuqy.mp4,252,0,1,0
/ssd1/data/processed/DFDC/video/train_sample_videos/cmbzllswnl.mp4,252,1,1,1
/ssd1/data/processed/DFDC/video/train_sample_videos/dzieklokdr.mp4,252,0,1,0
/ssd1/data/processed/DFDC/video/train_sample_videos/eudeqjhdfd.mp4,252,1,1,1
/ssd1/data/processed/DFDC/video/train_sample_videos/dhoqofwoxa.mp4,252,0,1,0
/ssd1/data/processed/DFDC/video/train_sample_videos/bchnbulevv.mp4,252,0,1,0
/ssd1/data/processed/DFDC/video/train_sample_videos/alninxcyhg.mp4,252,0,1,0
/ssd1/data/processed/DFDC/video/train_sample_videos/apogckdfrz.mp4,252,0,1,0
/ssd1/data/processed/DFDC/video/train_sample_videos/ddepeddixj.mp4,252,1,1,1
/ssd1/data/processed/DFDC/video/train_sample_videos/bseamdrpbj.mp4,252,0,1,0
/ssd1/data/processed/DFDC/video/train_sample_videos/etohcvnzbj.mp4,252,0,1,0
/ssd1/data/processed/DFDC/video/train_sample_videos/ccmonzqfrz.mp4,252,0,1,0
/ssd1/data/processed/DFDC/video/train_sample_videos/cycacemkmt.mp4,252,0,1,0
/ssd1/data/processed/DFDC/video/train_sample_videos/bghphrsfxf.mp4,252,0,1,0
/ssd1/data/processed/DFDC/video/train_sample_videos/bqhtpqmmqp.mp4,252,0,1,0
/ssd1/data/processed/DFDC/video/train_sample_videos/amaivqofda.mp4,252,0,1,0
/ssd1/data/processed/DFDC/video/train_sample_videos/akvmwkdyuv.mp4,252,0,1,0
/ssd1/data/processed/DFDC/video/train_sample_videos/aelzhcnwgf.mp4,252,0,1,0
/ssd1/data/processed/DFDC/video/train_sample_videos/errocgcham.mp4,252,0,1,0
/ssd1/data/processed/DFDC/video/train_sample_videos/eajlrktemq.mp4,252,0,1,0
/ssd1/data/processed/DFDC/video/train_sample_videos/eivxffliio.mp4,252,0,1,0
/ssd1/data/processed/DFDC/video/train_sample_videos/btunxncpjh.mp4,252,0,1,0
/ssd1/data/processed/DFDC/video/train_sample_videos/eukvucdetx.mp4,252,0,1,0
/ssd1/data/processed/DFDC/video/train_sample_videos/elginszwtk.mp4,252,0,1,0
/ssd1/data/processed/DFDC/video/train_sample_videos/avvdgsennp.mp4,252,0,1,0
/ssd1/data/processed/DFDC/video/train_sample_videos/ctpqeykqdp.mp4,252,0,1,0
/ssd1/data/processed/DFDC/video/train_sample_videos/eiriyukqqy.mp4,252,0,1,0
/ssd1/data/processed/DFDC/video/train_sample_videos/dzvyfiarrq.mp4,252,0,1,0
/ssd1/data/processed/DFDC/video/train_sample_videos/eggbjzxnmg.mp4,252,1,1,1
/ssd1/data/processed/DFDC/video/train_sample_videos/ckkuyewywx.mp4,252,1,1,1
/ssd1/data/processed/DFDC/video/train_sample_videos/bourlmzsio.mp4,252,0,1,0
/ssd1/data/processed/DFDC/video/train_sample_videos/efdyrflcpg.mp4,252,0,1,0
/ssd1/data/processed/DFDC/video/train_sample_videos/eixwxvxbbn.mp4,252,0,1,0
/ssd1/data/processed/DFDC/video/train_sample_videos/bmhvktyiwp.mp4,252,0,1,0
/ssd1/data/processed/DFDC/video/train_sample_videos/agqphdxmwt.mp4,252,0,1,0
/ssd1/data/processed/DFDC/video/train_sample_videos/ddhfabwpuz.mp4,252,0,1,0
/ssd1/data/processed/DFDC/video/train_sample_videos/bjjbwsqjir.mp4,252,0,1,0
/ssd1/data/processed/DFDC/video/train_sample_videos/ebeknhudxq.mp4,252,0,1,0
/ssd1/data/processed/DFDC/video/train_sample_videos/dwediigjit.mp4,252,0,1,0
/ssd1/data/processed/DFDC/video/train_sample_videos/cqfugiqupm.mp4,252,0,1,0
/ssd1/data/processed/DFDC/video/train_sample_videos/bbhtdfuqxq.mp4,252,0,1,0
/ssd1/data/processed/DFDC/video/train_sample_videos/ensyyivobf.mp4,252,0,1,0
/ssd1/data/processed/DFDC/video/train_sample_videos/esyrimvzsa.mp4,252,0,1,0
/ssd1/data/processed/DFDC/video/train_sample_videos/btohlidmru.mp4,252,0,1,0
/ssd1/data/processed/DFDC/video/train_sample_videos/cxfujlvsuw.mp4,252,0,1,0
/ssd1/data/processed/DFDC/video/train_sample_videos/eckvhdusax.mp4,252,1,1,1
/ssd1/data/processed/DFDC/video/train_sample_videos/dnyvfblxpm.mp4,252,0,1,0
/ssd1/data/processed/DFDC/video/train_sample_videos/dkuayagnmc.mp4,252,1,1,1
/ssd1/data/processed/DFDC/video/train_sample_videos/cwqlvzefpg.mp4,252,0,1,0
/ssd1/data/processed/DFDC/video/train_sample_videos/dkwjwbwgey.mp4,252,0,1,0
/ssd1/data/processed/DFDC/video/train_sample_videos/dbtbbhakdv.mp4,252,1,1,1
/ssd1/data/processed/DFDC/video/train_sample_videos/btugrnoton.mp4,252,0,1,0
/ssd1/data/processed/DFDC/video/train_sample_videos/bgaogsjehq.mp4,252,0,1,0
/ssd1/data/processed/DFDC/video/train_sample_videos/bkmdzhfzfh.mp4,252,0,1,0
/ssd1/data/processed/DFDC/video/train_sample_videos/dhkwmjxwrn.mp4,252,0,1,0
/ssd1/data/processed/DFDC/video/train_sample_videos/caqbrkogkb.mp4,252,0,1,0
/ssd1/data/processed/DFDC/video/train_sample_videos/dbzpcjntve.mp4,252,0,1,0
/ssd1/data/processed/DFDC/video/train_sample_videos/cwwandrkus.mp4,252,0,1,0
/ssd1/data/processed/DFDC/video/train_sample_videos/eqjscdagiv.mp4,252,0,1,0
/ssd1/data/processed/DFDC/video/train_sample_videos/byofowlkki.mp4,252,0,1,0
/ssd1/data/processed/DFDC/video/train_sample_videos/bqeiblbxtl.mp4,252,0,1,0
/ssd1/data/processed/DFDC/video/train_sample_videos/dqnyszdong.mp4,252,0,1,0
/ssd1/data/processed/DFDC/video/train_sample_videos/dvumqqhoac.mp4,252,0,1,0
/ssd1/data/processed/DFDC/video/train_sample_videos/dcuiiorugd.mp4,252,0,1,0
/ssd1/data/processed/DFDC/video/train_sample_videos/avmjormvsx.mp4,252,1,1,1
/ssd1/data/processed/DFDC/video/train_sample_videos/azsmewqghg.mp4,252,0,1,0
/ssd1/data/processed/DFDC/video/train_sample_videos/ellavthztb.mp4,252,1,1,1
/ssd1/data/processed/DFDC/video/train_sample_videos/clihsshdkq.mp4,252,0,1,0
/ssd1/data/processed/DFDC/video/train_sample_videos/duycddgtrl.mp4,252,1,1,1
/ssd1/data/processed/DFDC/video/train_sample_videos/dvakowbgbt.mp4,252,0,1,0
/ssd1/data/processed/DFDC/video/train_sample_videos/bvgwelbeof.mp4,252,0,1,0
/ssd1/data/processed/DFDC/video/train_sample_videos/acifjvzvpm.mp4,252,0,1,0
/ssd1/data/processed/DFDC/video/train_sample_videos/abofeumbvv.mp4,252,0,1,0
/ssd1/data/processed/DFDC/video/train_sample_videos/dfbpceeaox.mp4,252,0,1,0
/ssd1/data/processed/DFDC/video/train_sample_videos/erlvuvjsjf.mp4,252,1,1,1
/ssd1/data/processed/DFDC/video/train_sample_videos/avibnnhwhp.mp4,252,0,1,0
/ssd1/data/processed/DFDC/video/train_sample_videos/bdxuhamuqx.mp4,252,0,1,0
/ssd1/data/processed/DFDC/video/train_sample_videos/efwfxwwlbw.mp4,252,1,1,1
/ssd1/data/processed/DFDC/video/train_sample_videos/crezycjqyk.mp4,252,1,1,1
/ssd1/data/processed/DFDC/video/train_sample_videos/cferslmfwh.mp4,252,0,1,0
/ssd1/data/processed/DFDC/video/train_sample_videos/awukslzjra.mp4,252,0,1,0
/ssd1/data/processed/DFDC/video/train_sample_videos/blpchvmhxx.mp4,252,0,1,0
/ssd1/data/processed/DFDC/video/train_sample_videos/dafhtipaml.mp4,252,0,1,0
/ssd1/data/processed/DFDC/video/train_sample_videos/dkhlttuvmx.mp4,252,0,1,0
/ssd1/data/processed/DFDC/video/train_sample_videos/bkwxhglwct.mp4,252,0,0,0
/ssd1/data/processed/DFDC/video/train_sample_videos/asaxgevnnp.mp4,252,1,1,1
/ssd1/data/processed/DFDC/video/train_sample_videos/ecuvtoltue.mp4,252,0,1,0
/ssd1/data/processed/DFDC/video/train_sample_videos/djvtbgwdcc.mp4,252,0,1,0
/ssd1/data/processed/DFDC/video/train_sample_videos/abqwwspghj.mp4,252,0,1,0
/ssd1/data/processed/DFDC/video/train_sample_videos/dkzvdrzcnr.mp4,252,1,1,1
/ssd1/data/processed/DFDC/video/train_sample_videos/dqzreruvje.mp4,252,0,1,0
/ssd1/data/processed/DFDC/video/train_sample_videos/ecujsjhscd.mp4,252,1,1,1
/ssd1/data/processed/DFDC/video/train_sample_videos/bpxckdzddv.mp4,252,0,1,0
/ssd1/data/processed/DFDC/video/train_sample_videos/bilnggbxgu.mp4,252,1,1,1
/ssd1/data/processed/DFDC/video/train_sample_videos/dnexlwbcxq.mp4,252,0,1,0
/ssd1/data/processed/DFDC/video/train_sample_videos/bqqpbzjgup.mp4,252,0,1,0
/ssd1/data/processed/DFDC/video/train_sample_videos/aybgughjxh.mp4,252,1,1,1
/ssd1/data/processed/DFDC/video/train_sample_videos/cgvrgibpfo.mp4,252,0,1,0
/ssd1/data/processed/DFDC/video/train_sample_videos/ddpvuimigj.mp4,252,0,1,0
/ssd1/data/processed/DFDC/video/train_sample_videos/eoewqcpbgt.mp4,252,0,1,0
/ssd1/data/processed/DFDC/video/train_sample_videos/altziddtxi.mp4,252,0,1,0
/ssd1/data/processed/DFDC/video/train_sample_videos/bsqgziaylx.mp4,252,0,1,0
/ssd1/data/processed/DFDC/video/train_sample_videos/agdkmztvby.mp4,252,0,1,0
/ssd1/data/processed/DFDC/video/train_sample_videos/emgjphonqb.mp4,252,0,1,0
/ssd1/data/processed/DFDC/video/train_sample_videos/axoygtekut.mp4,252,0,1,0
/ssd1/data/processed/DFDC/video/train_sample_videos/degpbqvcay.mp4,252,0,1,0
/ssd1/data/processed/DFDC/video/train_sample_videos/aelfnikyqj.mp4,252,1,1,1
/ssd1/data/processed/DFDC/video/train_sample_videos/axwovszumc.mp4,252,0,1,0
/ssd1/data/processed/DFDC/video/train_sample_videos/ehtdtkmmli.mp4,252,1,1,1
/ssd1/data/processed/DFDC/video/train_sample_videos/dhevettufk.mp4,252,0,1,0
/ssd1/data/processed/DFDC/video/train_sample_videos/esgftaficx.mp4,252,0,1,0
/ssd1/data/processed/DFDC/video/train_sample_videos/aklqzsddfl.mp4,252,0,1,0
/ssd1/data/processed/DFDC/video/train_sample_videos/ahbweevwpv.mp4,252,0,1,0
/ssd1/data/processed/DFDC/video/train_sample_videos/bnbuonyoje.mp4,252,0,1,0
/ssd1/data/processed/DFDC/video/train_sample_videos/bhpwpydzpo.mp4,252,0,1,0
/ssd1/data/processed/DFDC/video/train_sample_videos/cdaxixbosp.mp4,252,0,1,0
/ssd1/data/processed/DFDC/video/train_sample_videos/eczrseixwq.mp4,252,0,1,0
/ssd1/data/processed/DFDC/video/train_sample_videos/bweezhfpzp.mp4,252,0,1,0
/ssd1/data/processed/DFDC/video/train_sample_videos/etejaapnxh.mp4,252,0,1,0
/ssd1/data/processed/DFDC/video/train_sample_videos/cxttmymlbn.mp4,252,0,1,0
/ssd1/data/processed/DFDC/video/train_sample_videos/bopqhhalml.mp4,252,0,1,0
/ssd1/data/processed/DFDC/video/train_sample_videos/bmehkyanbj.mp4,252,0,1,0
/ssd1/data/processed/DFDC/video/train_sample_videos/dhjmzhrcav.mp4,252,0,1,0
/ssd1/data/processed/DFDC/video/train_sample_videos/covdcysmbi.mp4,252,0,1,0
/ssd1/data/processed/DFDC/video/train_sample_videos/dbzcqmxzaj.mp4,252,0,1,0
/ssd1/data/processed/DFDC/video/train_sample_videos/dhxctgyoqj.mp4,252,1,1,1
/ssd1/data/processed/DFDC/video/train_sample_videos/czkdanyadc.mp4,252,0,1,0
/ssd1/data/processed/DFDC/video/train_sample_videos/cettndmvzl.mp4,252,0,1,0
/ssd1/data/processed/DFDC/video/train_sample_videos/anpuvshzoo.mp4,252,1,1,1
/ssd1/data/processed/DFDC/video/train_sample_videos/dsjbknkujw.mp4,252,1,1,1
/ssd1/data/processed/DFDC/video/train_sample_videos/awhmfnnjih.mp4,252,0,1,0
/ssd1/data/processed/DFDC/video/train_sample_videos/byunigvnay.mp4,252,0,1,0
/ssd1/data/processed/DFDC/video/train_sample_videos/dzyuwjkjui.mp4,252,1,1,1
/ssd1/data/processed/DFDC/video/train_sample_videos/bqnymlsayl.mp4,252,0,1,0
/ssd1/data/processed/DFDC/video/train_sample_videos/bpapbctoao.mp4,252,1,1,1
/ssd1/data/processed/DFDC/video/train_sample_videos/bzmdrafeex.mp4,252,0,1,0
/ssd1/data/processed/DFDC/video/train_sample_videos/alvgwypubw.mp4,252,0,1,0
/ssd1/data/processed/DFDC/video/train_sample_videos/bdgipnyobr.mp4,252,0,1,0
/ssd1/data/processed/DFDC/video/train_sample_videos/ekhacizpah.mp4,252,0,1,0
/ssd1/data/processed/DFDC/video/train_sample_videos/bwuwstvsbw.mp4,252,0,1,0
/ssd1/data/processed/DFDC/video/train_sample_videos/bgvhtpzknn.mp4,252,1,1,1
/ssd1/data/processed/DFDC/video/train_sample_videos/btxlttbpkj.mp4,252,0,1,0
/ssd1/data/processed/DFDC/video/train_sample_videos/dozyddhild.mp4,252,0,1,0
/ssd1/data/processed/DFDC/video/train_sample_videos/bhbdugnurr.mp4,252,0,1,0
/ssd1/data/processed/DFDC/video/train_sample_videos/bctvsmddgq.mp4,252,0,1,0
/ssd1/data/processed/DFDC/video/train_sample_videos/atzdznmder.mp4,252,0,1,0
/ssd1/data/processed/DFDC/video/train_sample_videos/coadfnerlk.mp4,252,0,1,0
/ssd1/data/processed/DFDC/video/train_sample_videos/dcamvmuors.mp4,252,0,1,0
/ssd1/data/processed/DFDC/video/train_sample_videos/ebebgmtlcu.mp4,252,0,1,0
/ssd1/data/processed/DFDC/video/train_sample_videos/crktehraph.mp4,252,0,1,0
/ssd1/data/processed/DFDC/video/train_sample_videos/aqpnvjhuzw.mp4,252,0,1,0
/ssd1/data/processed/DFDC/video/train_sample_videos/asdpeebotb.mp4,252,0,1,0
/ssd1/data/processed/DFDC/video/train_sample_videos/esnntzzajv.mp4,252,0,1,0
/ssd1/data/processed/DFDC/video/train_sample_videos/bejhvclboh.mp4,252,1,1,1
/ssd1/data/processed/DFDC/video/train_sample_videos/ajqslcypsw.mp4,252,1,1,1
/ssd1/data/processed/DFDC/video/train_sample_videos/aorjvbyxhw.mp4,252,0,1,0
/ssd1/data/processed/DFDC/video/train_sample_videos/dxuliowugt.mp4,252,0,1,0
/ssd1/data/processed/DFDC/video/train_sample_videos/cizlkenljw.mp4,252,1,1,1
/ssd1/data/processed/DFDC/video/train_sample_videos/doanjploai.mp4,252,0,1,0
/ssd1/data/processed/DFDC/video/train_sample_videos/ctzmavwror.mp4,252,0,1,0
/ssd1/data/processed/DFDC/video/train_sample_videos/cuzrgrbvil.mp4,252,0,1,0
/ssd1/data/processed/DFDC/video/train_sample_videos/curpwogllm.mp4,252,0,1,0
/ssd1/data/processed/DFDC/video/train_sample_videos/ebywfrmhtd.mp4,252,0,1,0
/ssd1/data/processed/DFDC/video/train_sample_videos/djvutyvaio.mp4,252,0,1,0
/ssd1/data/processed/DFDC/video/train_sample_videos/cbltdtxglo.mp4,252,0,1,0
/ssd1/data/processed/DFDC/video/train_sample_videos/dptrzdvwpg.mp4,252,0,1,0
/ssd1/data/processed/DFDC/video/train_sample_videos/dubiroskqn.mp4,252,0,1,0
/ssd1/data/processed/DFDC/video/train_sample_videos/bgmlwsoamc.mp4,252,0,1,0
/ssd1/data/processed/DFDC/video/train_sample_videos/cvaksbpssm.mp4,252,0,1,0
/ssd1/data/processed/DFDC/video/train_sample_videos/bddjdhzfze.mp4,252,1,1,1
/ssd1/data/processed/DFDC/video/train_sample_videos/chtapglbcj.mp4,252,1,1,1
/ssd1/data/processed/DFDC/video/train_sample_videos/cfyduhpbps.mp4,252,0,1,0
/ssd1/data/processed/DFDC/video/train_sample_videos/emaalmsonj.mp4,252,0,1,0
/ssd1/data/processed/DFDC/video/train_sample_videos/eahlqmfvtj.mp4,252,0,1,0
/ssd1/data/processed/DFDC/video/train_sample_videos/atvmxvwyns.mp4,252,1,1,1
/ssd1/data/processed/DFDC/video/train_sample_videos/avfitoutyn.mp4,252,0,1,0
/ssd1/data/processed/DFDC/video/train_sample_videos/ahdbuwqxit.mp4,252,0,1,0
/ssd1/data/processed/DFDC/video/train_sample_videos/alaijyygdv.mp4,252,0,1,0
/ssd1/data/processed/DFDC/video/train_sample_videos/bzythlfnhq.mp4,252,1,1,1
/ssd1/data/processed/DFDC/video/train_sample_videos/erqgqacbqe.mp4,252,0,1,0
/ssd1/data/processed/DFDC/video/train_sample_videos/dqppxmoqdl.mp4,252,0,1,0
/ssd1/data/processed/DFDC/video/train_sample_videos/djxdyjopjd.mp4,252,1,1,1
/ssd1/data/processed/DFDC/video/train_sample_videos/ckbdwedgmc.mp4,252,0,1,0
/ssd1/data/processed/DFDC/video/train_sample_videos/aybumesmpk.mp4,252,1,1,1
/ssd1/data/processed/DFDC/video/train_sample_videos/deywhkarol.mp4,252,0,1,0
/ssd1/data/processed/DFDC/video/train_sample_videos/cwrtyzndpx.mp4,252,0,1,0
/ssd1/data/processed/DFDC/video/train_sample_videos/bmjzrlszhi.mp4,252,1,1,1
/ssd1/data/processed/DFDC/video/train_sample_videos/bjkmjilrxp.mp4,252,0,1,0
/ssd1/data/processed/DFDC/video/train_sample_videos/deyyistcrd.mp4,252,0,1,0
/ssd1/data/processed/DFDC/video/train_sample_videos/ekcrtigpab.mp4,252,1,1,1
/ssd1/data/processed/DFDC/video/train_sample_videos/dofusvhnib.mp4,252,0,1,0
/ssd1/data/processed/DFDC/video/train_sample_videos/acxwigylke.mp4,252,0,1,0
/ssd1/data/processed/DFDC/video/train_sample_videos/byijojkdba.mp4,252,0,1,0
/ssd1/data/processed/DFDC/video/train_sample_videos/cttqtsjvgn.mp4,252,0,1,0
/ssd1/data/processed/DFDC/video/train_sample_videos/dakqwktlbi.mp4,252,0,1,0
/ssd1/data/processed/DFDC/video/train_sample_videos/duzuusuajr.mp4,252,0,1,0
/ssd1/data/processed/DFDC/video/train_sample_videos/brvqtabyxj.mp4,252,0,1,0
/ssd1/data/processed/DFDC/video/train_sample_videos/dtocdfbwca.mp4,252,0,1,0
/ssd1/data/processed/DFDC/video/train_sample_videos/avywawptfc.mp4,252,0,1,0
/ssd1/data/processed/DFDC/video/train_sample_videos/drtbksnpol.mp4,252,0,1,0
/ssd1/data/processed/DFDC/video/train_sample_videos/ehbnclaukr.mp4,252,0,1,0
/ssd1/data/processed/DFDC/video/train_sample_videos/aneclqfpbt.mp4,252,0,1,0
/ssd1/data/processed/DFDC/video/train_sample_videos/ahqqqilsxt.mp4,252,1,1,1
/ssd1/data/processed/DFDC/video/train_sample_videos/bdbhekrrwo.mp4,252,0,1,0
/ssd1/data/processed/DFDC/video/train_sample_videos/duvyaxbzvp.mp4,252,0,1,0
/ssd1/data/processed/DFDC/video/train_sample_videos/benmsfzfaz.mp4,252,0,1,0
/ssd1/data/processed/DFDC/video/train_sample_videos/ayqvfdhslr.mp4,252,0,0,0
/ssd1/data/processed/DFDC/video/train_sample_videos/acxnxvbsxk.mp4,252,0,1,0
/ssd1/data/processed/DFDC/video/train_sample_videos/atyntldecu.mp4,252,0,1,0
/ssd1/data/processed/DFDC/video/train_sample_videos/bhsluedavd.mp4,252,0,1,0
/ssd1/data/processed/DFDC/video/train_sample_videos/chzieimrwu.mp4,252,0,1,0
/ssd1/data/processed/DFDC/video/train_sample_videos/cyclgfjdrv.mp4,252,0,1,0
/ssd1/data/processed/DFDC/video/train_sample_videos/cyxlcuyznd.mp4,252,1,1,1
/ssd1/data/processed/DFDC/video/train_sample_videos/drsakwyvqv.mp4,252,0,1,0
/ssd1/data/processed/DFDC/video/train_sample_videos/arkroixhey.mp4,252,0,1,0
/ssd1/data/processed/DFDC/video/train_sample_videos/cthdnahrkh.mp4,252,0,1,0
/ssd1/data/processed/DFDC/video/train_sample_videos/aknbdpmgua.mp4,252,0,1,0
/ssd1/data/processed/DFDC/video/train_sample_videos/ehfiekigla.mp4,252,0,1,0
/ssd1/data/processed/DFDC/video/train_sample_videos/btjlfpzbdu.mp4,252,0,1,0
/ssd1/data/processed/DFDC/video/train_sample_videos/bkvetcojbt.mp4,252,0,1,0
/ssd1/data/processed/DFDC/video/train_sample_videos/diomeixhrg.mp4,252,0,1,0
/ssd1/data/processed/DFDC/video/train_sample_videos/dulanfulol.mp4,252,0,1,0
/ssd1/data/processed/DFDC/video/train_sample_videos/aagfhgtpmv.mp4,252,0,1,0
/ssd1/data/processed/DFDC/video/train_sample_videos/cwsbspfzck.mp4,252,0,1,0
/ssd1/data/processed/DFDC/video/train_sample_videos/dsgpbgsrdm.mp4,252,0,1,0
/ssd1/data/processed/DFDC/video/train_sample_videos/bqtuuwzdtr.mp4,252,0,1,0
/ssd1/data/processed/DFDC/video/train_sample_videos/ddjggcasdw.mp4,252,0,1,0
/ssd1/data/processed/DFDC/video/train_sample_videos/eebserckhh.mp4,252,0,1,0
/ssd1/data/processed/DFDC/video/train_sample_videos/cglxirfaey.mp4,252,0,1,0
/ssd1/data/processed/DFDC/video/train_sample_videos/dgzklxjmix.mp4,252,0,1,0
/ssd1/data/processed/DFDC/video/train_sample_videos/dnhvalzvrt.mp4,252,0,1,0
/ssd1/data/processed/DFDC/video/train_sample_videos/eiwopxzjfn.mp4,252,0,1,0
/ssd1/data/processed/DFDC/video/train_sample_videos/bofqajtwve.mp4,252,0,1,0
/ssd1/data/processed/DFDC/video/train_sample_videos/cbbibzcoih.mp4,252,0,1,0
/ssd1/data/processed/DFDC/video/train_sample_videos/cdbsbdymzd.mp4,252,0,1,0
/ssd1/data/processed/DFDC/video/train_sample_videos/bydaidkpdp.mp4,252,0,1,0
/ssd1/data/processed/DFDC/video/train_sample_videos/dtbpmdqvao.mp4,252,0,0,0
/ssd1/data/processed/DFDC/video/train_sample_videos/ddqccgmtka.mp4,252,0,1,0
/ssd1/data/processed/DFDC/video/train_sample_videos/bhaaboftbc.mp4,252,0,1,0
/ssd1/data/processed/DFDC/video/train_sample_videos/etdcqxabww.mp4,252,0,1,0
/ssd1/data/processed/DFDC/video/train_sample_videos/beyebyhrph.mp4,252,1,1,1
/ssd1/data/processed/DFDC/video/train_sample_videos/cppdvdejkc.mp4,252,1,1,1
/ssd1/data/processed/DFDC/video/train_sample_videos/bmioepcpsx.mp4,252,0,1,0
/ssd1/data/processed/DFDC/video/train_sample_videos/cxrfacemmq.mp4,252,0,1,0
/ssd1/data/processed/DFDC/video/train_sample_videos/aettqgevhz.mp4,252,0,1,0
/ssd1/data/processed/DFDC/video/train_sample_videos/atxvxouljq.mp4,252,0,1,0
/ssd1/data/processed/DFDC/video/train_sample_videos/elvvackpjh.mp4,252,0,1,0
/ssd1/data/processed/DFDC/video/train_sample_videos/dzwkmcwkwl.mp4,252,0,1,0
/ssd1/data/processed/DFDC/video/train_sample_videos/etmcruaihe.mp4,252,0,1,0
/ssd1/data/processed/DFDC/video/train_sample_videos/adylbeequz.mp4,252,0,1,0
/ssd1/data/processed/DFDC/video/train_sample_videos/dptbnjnkdg.mp4,252,0,1,0
/ssd1/data/processed/DFDC/video/train_sample_videos/afoovlsmtx.mp4,252,1,1,1
/ssd1/data/processed/DFDC/video/train_sample_videos/eprybmbpba.mp4,252,0,1,0
/ssd1/data/processed/DFDC/video/train_sample_videos/dqswpjoepo.mp4,252,0,1,0
/ssd1/data/processed/DFDC/video/train_sample_videos/bmjmjmbglm.mp4,252,0,1,0
/ssd1/data/processed/DFDC/video/train_sample_videos/egghxjjmfg.mp4,252,1,1,1
/ssd1/data/processed/DFDC/video/train_sample_videos/aufmsmnoye.mp4,252,0,1,0
/ssd1/data/processed/DFDC/video/train_sample_videos/ccfoszqabv.mp4,252,1,1,1
/ssd1/data/processed/DFDC/video/train_sample_videos/dlpoieqvfb.mp4,252,1,1,1
/ssd1/data/processed/DFDC/video/train_sample_videos/ecnihjlfyt.mp4,252,0,1,0
/ssd1/data/processed/DFDC/video/train_sample_videos/bmbbkwmxqj.mp4,252,0,1,0
/ssd1/data/processed/DFDC/video/train_sample_videos/axwgcsyphv.mp4,252,0,1,0
/ssd1/data/processed/DFDC/video/train_sample_videos/dntkzzzcdh.mp4,252,0,1,0
/ssd1/data/processed/DFDC/video/train_sample_videos/bggsurpgpr.mp4,252,0,1,0
/ssd1/data/processed/DFDC/video/train_sample_videos/aapnvogymq.mp4,252,0,1,0
/ssd1/data/processed/DFDC/video/train_sample_videos/asmpfjfzif.mp4,252,0,0,0
/ssd1/data/processed/DFDC/video/train_sample_videos/atkdltyyen.mp4,252,1,1,1
/ssd1/data/processed/DFDC/video/train_sample_videos/cffffbcywc.mp4,252,0,1,0
/ssd1/data/processed/DFDC/video/train_sample_videos/avnqydkqjj.mp4,252,0,1,0
/ssd1/data/processed/DFDC/video/train_sample_videos/cksanfsjhc.mp4,252,0,1,0
/ssd1/data/processed/DFDC/video/train_sample_videos/dgxrqjdomn.mp4,252,0,1,0
/ssd1/data/processed/DFDC/video/train_sample_videos/dxuplhwvig.mp4,252,0,1,0
/ssd1/data/processed/DFDC/video/train_sample_videos/cobjrlugvp.mp4,252,1,1,1
/ssd1/data/processed/DFDC/video/train_sample_videos/czfunozvwp.mp4,252,0,1,0
/ssd1/data/processed/DFDC/video/train_sample_videos/eepezmygaq.mp4,252,0,1,0
/ssd1/data/processed/DFDC/video/train_sample_videos/bdnaqemxmr.mp4,252,1,1,1
/ssd1/data/processed/DFDC/video/train_sample_videos/bvzjkezkms.mp4,252,0,1,0
/ssd1/data/processed/DFDC/video/train_sample_videos/bffwsjxghk.mp4,252,1,1,1
/ssd1/data/processed/DFDC/video/train_sample_videos/cwbacdwrzo.mp4,252,0,1,0
/ssd1/data/processed/DFDC/video/train_sample_videos/cqrskwiqng.mp4,252,0,1,0
/ssd1/data/processed/DFDC/video/train_sample_videos/dhcselezer.mp4,252,0,1,0
/ssd1/data/processed/DFDC/video/train_sample_videos/bbhpvrmbse.mp4,252,0,1,0
/ssd1/data/processed/DFDC/video/train_sample_videos/esyhwdfnxs.mp4,252,0,1,0
/ssd1/data/processed/DFDC/video/train_sample_videos/dbhrpizyeq.mp4,252,0,1,0
/ssd1/data/processed/DFDC/video/train_sample_videos/dbhoxkblzx.mp4,252,0,1,0
/ssd1/data/processed/DFDC/video/train_sample_videos/awnwkrqibf.mp4,252,0,1,0
/ssd1/data/processed/DFDC/video/train_sample_videos/beboztfcme.mp4,252,1,1,1
/ssd1/data/processed/DFDC/video/train_sample_videos/dlrsbscitn.mp4,252,0,1,0
/ssd1/data/processed/DFDC/video/train_sample_videos/bqkdbcqjvb.mp4,252,0,1,0
/ssd1/data/processed/DFDC/video/train_sample_videos/bbvgxeczei.mp4,252,0,1,0
/ssd1/data/processed/DFDC/video/train_sample_videos/dboxtiehng.mp4,252,0,1,0
/ssd1/data/processed/DFDC/video/train_sample_videos/aslsvlvpth.mp4,252,0,1,0
/ssd1/data/processed/DFDC/video/train_sample_videos/arrhsnjqku.mp4,252,0,1,0
/ssd1/data/processed/DFDC/video/train_sample_videos/ciyoudyhly.mp4,252,1,1,1
/ssd1/data/processed/DFDC/video/train_sample_videos/dqqtjcryjv.mp4,252,0,1,0
/ssd1/data/processed/DFDC/video/train_sample_videos/crzfebnfgb.mp4,252,0,1,0
/ssd1/data/processed/DFDC/video/train_sample_videos/dkrvorliqc.mp4,252,0,1,0
/ssd1/data/processed/DFDC/video/train_sample_videos/cqhngvpgyi.mp4,252,0,1,0
/ssd1/data/processed/DFDC/video/train_sample_videos/cepxysienc.mp4,252,0,1,0
/ssd1/data/processed/DFDC/video/train_sample_videos/bndybcqhfr.mp4,252,0,1,0
/ssd1/data/processed/DFDC/video/train_sample_videos/adohikbdaz.mp4,252,0,1,0
/ssd1/data/processed/DFDC/video/train_sample_videos/aladcziidp.mp4,252,0,1,0
/ssd1/data/processed/DFDC/video/train_sample_videos/ebkzwjgjhq.mp4,252,0,0,0
/ssd1/data/processed/DFDC/video/train_sample_videos/byfenovjnf.mp4,252,0,1,0
/ssd1/data/processed/DFDC/video/train_sample_videos/cdyakrxkia.mp4,252,0,1,0
/ssd1/data/processed/DFDC/video/train_sample_videos/ehccixxzoe.mp4,252,1,1,1
/ssd1/data/processed/DFDC/video/train_sample_videos/cnilkgvfei.mp4,252,0,1,0
/ssd1/data/processed/DFDC/video/train_sample_videos/btmsngnqhv.mp4,252,0,1,0
/ssd1/data/processed/DFDC/video/train_sample_videos/cfxkpiweqt.mp4,252,1,1,1
/ssd1/data/processed/DFDC/video/train_sample_videos/axczxisdtb.mp4,252,0,1,0
/ssd1/data/processed/DFDC/video/train_sample_videos/epymyyiblu.mp4,252,0,1,0
/ssd1/data/processed/DFDC/video/train_sample_videos/blzydqdfem.mp4,252,0,1,0
/ssd1/data/processed/DFDC/video/train_sample_videos/byqzyxifza.mp4,252,0,0,0
/ssd1/data/processed/DFDC/video/train_sample_videos/andaxzscny.mp4,252,0,1,0
/ssd1/data/processed/DFDC/video/train_sample_videos/czmqpxrqoh.mp4,252,0,1,0
/ssd1/data/processed/DFDC/video/train_sample_videos/abarnvbtwb.mp4,252,1,1,1
/ssd1/data/processed/DFDC/video/train_sample_videos/ajwpjhrbcv.mp4,252,0,1,0
/ssd1/data/processed/DFDC/video/train_sample_videos/chviwxsfhg.mp4,252,1,1,1
/ssd1/data/processed/DFDC/video/train_sample_videos/ehieahnhte.mp4,252,0,1,0
/ssd1/data/processed/DFDC/video/train_sample_videos/cknyxaqouy.mp4,252,0,1,0
/ssd1/data/processed/DFDC/video/train_sample_videos/dsndhujjjb.mp4,252,0,1,0
/ssd1/data/processed/DFDC/video/train_sample_videos/cpjxareypw.mp4,252,1,1,1
/ssd1/data/processed/DFDC/video/train_sample_videos/avssvvsdhz.mp4,252,0,1,0
/ssd1/data/processed/DFDC/video/train_sample_videos/akxoopqjqz.mp4,252,0,1,0
/ssd1/data/processed/DFDC/video/train_sample_videos/byyqectxqa.mp4,252,0,1,0
/ssd1/data/processed/DFDC/video/train_sample_videos/ehevsxtecd.mp4,252,0,1,0
/ssd1/data/processed/DFDC/video/train_sample_videos/acqfdwsrhi.mp4,252,0,1,0
/ssd1/data/processed/DFDC/video/train_sample_videos/clrycekyst.mp4,252,1,1,1
/ssd1/data/processed/DFDC/video/train_sample_videos/caifxvsozs.mp4,252,1,1,1
/ssd1/data/processed/DFDC/video/train_sample_videos/aevrfsexku.mp4,252,0,1,0
/ssd1/data/processed/DFDC/video/train_sample_videos/diopzaywor.mp4,252,0,1,0
/ssd1/data/processed/DFDC/video/test_videos/igpvrfjdzc.mp4,252,1,1,1
/ssd1/data/processed/DFDC/video/train_sample_videos/agrmhtjdlk.mp4,252,1,1,1
/ssd1/data/processed/DFDC/video/train_sample_videos/drgjzlxzxj.mp4,252,0,1,0
/ssd1/data/processed/DFDC/video/train_sample_videos/bjsmaqefoi.mp4,252,0,1,0
/ssd1/data/processed/DFDC/video/train_sample_videos/btjwbtsgln.mp4,252,0,1,0
/ssd1/data/processed/DFDC/video/train_sample_videos/asvcrfdpnq.mp4,252,0,1,0
/ssd1/data/processed/DFDC/video/train_sample_videos/esckbnkkvb.mp4,252,0,1,0
/ssd1/data/processed/DFDC/video/train_sample_videos/bulkxhhknf.mp4,252,1,1,1
/ssd1/data/processed/DFDC/video/test_videos/uhakqelqri.mp4,252,0,1,0
/ssd1/data/processed/DFDC/video/train_sample_videos/bntlodcfeg.mp4,252,0,1,0
/ssd1/data/processed/DFDC/video/train_sample_videos/bsfmwclnqy.mp4,252,0,1,0
/ssd1/data/processed/DFDC/video/test_videos/usqqvxcjmg.mp4,252,0,1,0
/ssd1/data/processed/DFDC/video/train_sample_videos/drcyabprvt.mp4,252,1,1,1
/ssd1/data/processed/DFDC/video/test_videos/qlvsqdroqo.mp4,252,0,0,0
/ssd1/data/processed/DFDC/video/train_sample_videos/eqvuznuwsa.mp4,252,0,1,0
/ssd1/data/processed/DFDC/video/train_sample_videos/brhalypwoo.mp4,252,0,1,0
/ssd1/data/processed/DFDC/video/train_sample_videos/cprhtltsjp.mp4,252,1,1,1
/ssd1/data/processed/DFDC/video/train_sample_videos/bpwzipqtxf.mp4,252,0,1,0
/ssd1/data/processed/DFDC/video/train_sample_videos/emfbhytfhc.mp4,252,0,1,0
/ssd1/data/processed/DFDC/video/test_videos/pcyswtgick.mp4,252,0,1,0
/ssd1/data/processed/DFDC/video/train_sample_videos/aipfdnwpoo.mp4,252,0,1,0
/ssd1/data/processed/DFDC/video/test_videos/viteugozpv.mp4,252,1,1,1
/ssd1/data/processed/DFDC/video/test_videos/hnfwagcxdf.mp4,252,0,1,0
/ssd1/data/processed/DFDC/video/test_videos/ylxwcwhjjd.mp4,252,1,1,1
/ssd1/data/processed/DFDC/video/train_sample_videos/ecwaxgutkc.mp4,252,0,1,0
/ssd1/data/processed/DFDC/video/train_sample_videos/ahfazfbntc.mp4,252,0,1,0
/ssd1/data/processed/DFDC/video/train_sample_videos/dakiztgtnw.mp4,252,1,1,1
/ssd1/data/processed/DFDC/video/train_sample_videos/aytzyidmgs.mp4,252,1,1,1
/ssd1/data/processed/DFDC/video/test_videos/ecumyiowzs.mp4,252,0,1,0
/ssd1/data/processed/DFDC/video/test_videos/txmnoyiyte.mp4,252,0,1,0
/ssd1/data/processed/DFDC/video/train_sample_videos/eqnoqyfquo.mp4,252,1,1,1
/ssd1/data/processed/DFDC/video/train_sample_videos/bxzakyopjf.mp4,252,1,1,1
/ssd1/data/processed/DFDC/video/train_sample_videos/axntxmycwd.mp4,252,1,1,1
/ssd1/data/processed/DFDC/video/test_videos/hszwwswewp.mp4,252,1,1,1
/ssd1/data/processed/DFDC/video/test_videos/xugmhbetrw.mp4,252,1,1,1
/ssd1/data/processed/DFDC/video/train_sample_videos/apgjqzkoma.mp4,252,0,1,0
/ssd1/data/processed/DFDC/video/train_sample_videos/brwrlczjvi.mp4,252,1,1,1
/ssd1/data/processed/DFDC/video/train_sample_videos/azpuxunqyo.mp4,252,0,1,0
/ssd1/data/processed/DFDC/video/train_sample_videos/amowujxmzc.mp4,252,0,1,0
/ssd1/data/processed/DFDC/video/test_videos/dyjklprkoc.mp4,252,0,1,0
/ssd1/data/processed/DFDC/video/train_sample_videos/avtycwsgyb.mp4,252,0,1,0
/ssd1/data/processed/DFDC/video/test_videos/ypbtpunjvm.mp4,252,1,1,1
/ssd1/data/processed/DFDC/video/test_videos/sjinmmbipg.mp4,252,0,0,0
/ssd1/data/processed/DFDC/video/train_sample_videos/arlmiizoob.mp4,252,0,1,0
/ssd1/data/processed/DFDC/video/train_sample_videos/ceymbecxnj.mp4,252,0,0,0
/ssd1/data/processed/DFDC/video/test_videos/qooxnxqqjb.mp4,252,1,1,1
/ssd1/data/processed/DFDC/video/train_sample_videos/aknmpoonls.mp4,252,0,1,0
/ssd1/data/processed/DFDC/video/train_sample_videos/aczrgyricp.mp4,252,0,1,0
/ssd1/data/processed/DFDC/video/test_videos/rerpivllud.mp4,252,0,1,0
/ssd1/data/processed/DFDC/video/train_sample_videos/dhcndnuwta.mp4,252,1,1,1
/ssd1/data/processed/DFDC/video/train_sample_videos/bahdpoesir.mp4,252,0,1,0
/ssd1/data/processed/DFDC/video/test_videos/yoyhmxtrys.mp4,252,0,1,0
/ssd1/data/processed/DFDC/video/train_sample_videos/ehdkmxgtxh.mp4,252,0,1,0
/ssd1/data/processed/DFDC/video/test_videos/wadvzjhwtw.mp4,252,1,1,1
/ssd1/data/processed/DFDC/video/train_sample_videos/cyboodqqyr.mp4,252,0,1,0
/ssd1/data/processed/DFDC/video/test_videos/gbnzicjyhz.mp4,252,0,1,0
/ssd1/data/processed/DFDC/video/train_sample_videos/bwhlgysghg.mp4,252,1,1,1
/ssd1/data/processed/DFDC/video/test_videos/yxvmusxvcz.mp4,252,1,1,1
/ssd1/data/processed/DFDC/video/train_sample_videos/adhsbajydo.mp4,252,0,1,0
/ssd1/data/processed/DFDC/video/test_videos/yiykshcbaz.mp4,252,1,1,1
/ssd1/data/processed/DFDC/video/train_sample_videos/eebrkicpry.mp4,252,0,1,0
/ssd1/data/processed/DFDC/video/train_sample_videos/edyncaijwx.mp4,252,1,1,1
/ssd1/data/processed/DFDC/video/test_videos/okgelildpc.mp4,252,0,1,0
/ssd1/data/processed/DFDC/video/train_sample_videos/ckjaibzfxa.mp4,252,1,1,1
/ssd1/data/processed/DFDC/video/train_sample_videos/btiysiskpf.mp4,252,0,1,0
/ssd1/data/processed/DFDC/video/test_videos/qyyhuvqmyf.mp4,252,0,1,0
/ssd1/data/processed/DFDC/video/test_videos/ytopzxrswu.mp4,252,0,1,0
/ssd1/data/processed/DFDC/video/test_videos/coqwgzpbhx.mp4,252,0,1,0
/ssd1/data/processed/DFDC/video/train_sample_videos/esxrvsgpvb.mp4,252,0,1,0
/ssd1/data/processed/DFDC/video/test_videos/pdufsewrec.mp4,252,1,1,1
/ssd1/data/processed/DFDC/video/test_videos/zcxcmneefk.mp4,252,0,1,0
/ssd1/data/processed/DFDC/video/train_sample_videos/dsdoseflas.mp4,252,0,1,0
/ssd1/data/processed/DFDC/video/test_videos/wcqvzujamg.mp4,252,1,1,1
/ssd1/data/processed/DFDC/video/train_sample_videos/bnjcdrfuov.mp4,252,0,1,0
/ssd1/data/processed/DFDC/video/test_videos/vwxednhlwz.mp4,252,0,1,0
/ssd1/data/processed/DFDC/video/train_sample_videos/eeyhxisdfh.mp4,252,0,1,0
/ssd1/data/processed/DFDC/video/test_videos/mxlipjhmqk.mp4,252,1,1,1
/ssd1/data/processed/DFDC/video/test_videos/dcqodpzomd.mp4,252,0,1,0
/ssd1/data/processed/DFDC/video/test_videos/bnuwxhfahw.mp4,252,1,1,1
/ssd1/data/processed/DFDC/video/test_videos/dnmowthjcj.mp4,252,1,1,1
/ssd1/data/processed/DFDC/video/test_videos/bfjsthfhbd.mp4,252,1,1,1
/ssd1/data/processed/DFDC/video/train_sample_videos/avgiuextiz.mp4,252,0,1,0
/ssd1/data/processed/DFDC/video/train_sample_videos/diuzrpqjli.mp4,252,0,1,0
/ssd1/data/processed/DFDC/video/test_videos/bcvheslzrq.mp4,252,0,1,0
/ssd1/data/processed/DFDC/video/test_videos/rklawjhbpv.mp4,252,0,1,0
/ssd1/data/processed/DFDC/video/train_sample_videos/akzbnazxtz.mp4,252,0,1,0
/ssd1/data/processed/DFDC/video/test_videos/keioymnobc.mp4,252,1,1,1
/ssd1/data/processed/DFDC/video/train_sample_videos/ebchwmwayp.mp4,252,0,1,0
/ssd1/data/processed/DFDC/video/test_videos/cqhwesrciw.mp4,252,0,1,0
/ssd1/data/processed/DFDC/video/test_videos/kvmpmhdxly.mp4,252,1,1,1
/ssd1/data/processed/DFDC/video/test_videos/wmoqzxddkb.mp4,252,1,1,1
/ssd1/data/processed/DFDC/video/test_videos/hzoiotcykp.mp4,252,0,1,0
/ssd1/data/processed/DFDC/video/test_videos/yqhouqakbx.mp4,252,0,0,0
/ssd1/data/processed/DFDC/video/test_videos/cnpanmywno.mp4,252,1,1,1
/ssd1/data/processed/DFDC/video/test_videos/gfdjzwnpyp.mp4,252,0,1,0
/ssd1/data/processed/DFDC/video/test_videos/zyufpqvpyu.mp4,252,0,1,0
/ssd1/data/processed/DFDC/video/test_videos/hcanfkwivl.mp4,252,0,1,0
/ssd1/data/processed/DFDC/video/test_videos/qswlzfgcgj.mp4,252,1,1,1
/ssd1/data/processed/DFDC/video/test_videos/lbigytrrtr.mp4,252,1,1,1
/ssd1/data/processed/DFDC/video/train_sample_videos/boovltmuwi.mp4,252,0,1,0
/ssd1/data/processed/DFDC/video/test_videos/bjyaxvggle.mp4,252,0,0,0
/ssd1/data/processed/DFDC/video/test_videos/uvrzaczrbx.mp4,252,1,1,1
/ssd1/data/processed/DFDC/video/train_sample_videos/cmxcfkrjiv.mp4,252,0,1,0
/ssd1/data/processed/DFDC/video/test_videos/uoccaiathd.mp4,252,0,1,0
/ssd1/data/processed/DFDC/video/test_videos/hbufmvbium.mp4,252,1,1,1
/ssd1/data/processed/DFDC/video/test_videos/fopjiyxiqd.mp4,252,1,1,1
/ssd1/data/processed/DFDC/video/test_videos/gochxzemmq.mp4,252,1,1,1
/ssd1/data/processed/DFDC/video/test_videos/xphdfgmfmz.mp4,252,0,1,0
/ssd1/data/processed/DFDC/video/test_videos/cxsvvnxpyz.mp4,252,1,1,1
/ssd1/data/processed/DFDC/video/test_videos/vajkicalux.mp4,252,1,1,1
/ssd1/data/processed/DFDC/video/test_videos/omphqltjdd.mp4,252,1,1,1
/ssd1/data/processed/DFDC/video/test_videos/rukyxomwcx.mp4,252,1,1,1
/ssd1/data/processed/DFDC/video/train_sample_videos/augtsuxpzc.mp4,252,0,1,0
/ssd1/data/processed/DFDC/video/test_videos/ywauoonmlr.mp4,252,1,1,1
/ssd1/data/processed/DFDC/video/test_videos/alrtntfxtd.mp4,252,0,1,0
/ssd1/data/processed/DFDC/video/train_sample_videos/ejkqesyvam.mp4,252,0,1,0
/ssd1/data/processed/DFDC/video/test_videos/pdswwyyntw.mp4,252,1,1,1
/ssd1/data/processed/DFDC/video/test_videos/jawgcggquk.mp4,252,1,1,1
/ssd1/data/processed/DFDC/video/test_videos/fjrueenjyp.mp4,252,0,1,0
/ssd1/data/processed/DFDC/video/test_videos/jzmzdispyo.mp4,252,1,1,1
/ssd1/data/processed/DFDC/video/test_videos/esjdyghhog.mp4,252,0,1,0
/ssd1/data/processed/DFDC/video/test_videos/aktnlyqpah.mp4,252,0,0,0
/ssd1/data/processed/DFDC/video/test_videos/prhmixykhr.mp4,252,0,1,0
/ssd1/data/processed/DFDC/video/train_sample_videos/bqdjzqhcft.mp4,252,0,1,0
/ssd1/data/processed/DFDC/video/test_videos/wfzjxzhdkj.mp4,252,1,1,1
/ssd1/data/processed/DFDC/video/test_videos/rfwxcinshk.mp4,252,0,1,0
/ssd1/data/processed/DFDC/video/test_videos/btdxnajogv.mp4,252,1,1,1
/ssd1/data/processed/DFDC/video/test_videos/rtpbawlmxr.mp4,252,0,1,0
/ssd1/data/processed/DFDC/video/test_videos/dozjwhnedd.mp4,252,0,1,0
/ssd1/data/processed/DFDC/video/test_videos/xdezcezszc.mp4,252,1,1,1
/ssd1/data/processed/DFDC/video/test_videos/mnowxangqx.mp4,252,0,1,0
/ssd1/data/processed/DFDC/video/test_videos/fjxovgmwnm.mp4,252,1,1,1
/ssd1/data/processed/DFDC/video/test_videos/psesikjaxx.mp4,252,1,1,1
/ssd1/data/processed/DFDC/video/test_videos/fddmkqjwsh.mp4,252,0,1,0
/ssd1/data/processed/DFDC/video/train_sample_videos/eejswgycjc.mp4,252,0,1,0
/ssd1/data/processed/DFDC/video/test_videos/temeqbmzxu.mp4,252,0,1,0
/ssd1/data/processed/DFDC/video/test_videos/gfgcwxkbjd.mp4,252,1,1,1
/ssd1/data/processed/DFDC/video/test_videos/sktpeppbkc.mp4,252,0,1,0
/ssd1/data/processed/DFDC/video/test_videos/hsbljbsgxr.mp4,252,0,1,0
/ssd1/data/processed/DFDC/video/test_videos/ooafcxxfrs.mp4,252,1,1,1
/ssd1/data/processed/DFDC/video/test_videos/axfhbpkdlc.mp4,252,0,1,0
/ssd1/data/processed/DFDC/video/test_videos/hicjuubiau.mp4,252,1,1,1
/ssd1/data/processed/DFDC/video/test_videos/vjljdfopjg.mp4,252,0,1,0
/ssd1/data/processed/DFDC/video/test_videos/doniqevxeg.mp4,252,1,1,1
/ssd1/data/processed/DFDC/video/test_videos/nwvsbmyndn.mp4,252,1,1,1
/ssd1/data/processed/DFDC/video/test_videos/petmyhjclt.mp4,252,0,1,0
/ssd1/data/processed/DFDC/video/test_videos/dxgnpnowgk.mp4,252,1,1,1
/ssd1/data/processed/DFDC/video/test_videos/vnlzxqwthl.mp4,252,1,1,1
/ssd1/data/processed/DFDC/video/test_videos/temjefwaas.mp4,252,0,1,0
/ssd1/data/processed/DFDC/video/test_videos/oysopgovhu.mp4,252,0,1,0
/ssd1/data/processed/DFDC/video/test_videos/prwsfljdjo.mp4,252,1,1,1
/ssd1/data/processed/DFDC/video/test_videos/ljauauuyka.mp4,252,1,1,1
/ssd1/data/processed/DFDC/video/test_videos/ryxaqpfubf.mp4,252,0,1,0
/ssd1/data/processed/DFDC/video/test_videos/mwnibuujwz.mp4,252,1,1,1
/ssd1/data/processed/DFDC/video/test_videos/lbfqksftuo.mp4,252,0,1,0
/ssd1/data/processed/DFDC/video/test_videos/rmlzgerevr.mp4,252,1,1,1
/ssd1/data/processed/DFDC/video/test_videos/ztyuiqrhdk.mp4,252,1,1,1
/ssd1/data/processed/DFDC/video/test_videos/bzvzpwrabw.mp4,252,0,1,0
/ssd1/data/processed/DFDC/video/test_videos/gpsxfxrjrr.mp4,252,1,1,1
/ssd1/data/processed/DFDC/video/test_videos/bvpeerislp.mp4,252,1,1,1
/ssd1/data/processed/DFDC/video/test_videos/papagllumt.mp4,252,1,1,1
/ssd1/data/processed/DFDC/video/test_videos/owaogcehvc.mp4,252,0,1,0
/ssd1/data/processed/DFDC/video/test_videos/hierggamuo.mp4,252,1,1,1
/ssd1/data/processed/DFDC/video/test_videos/novarhxpbj.mp4,252,1,1,1
/ssd1/data/processed/DFDC/video/test_videos/famlupsgqm.mp4,252,0,1,0
/ssd1/data/processed/DFDC/video/test_videos/wqysrieiqu.mp4,252,1,1,1
/ssd1/data/processed/DFDC/video/test_videos/orixbcfvdz.mp4,252,0,1,0
/ssd1/data/processed/DFDC/video/test_videos/yietrwuncf.mp4,252,1,1,1
/ssd1/data/processed/DFDC/video/test_videos/rxdoimqble.mp4,252,1,1,1
/ssd1/data/processed/DFDC/video/test_videos/icbsahlivv.mp4,252,0,1,0
/ssd1/data/processed/DFDC/video/test_videos/mxahsihabr.mp4,252,0,0,0
/ssd1/data/processed/DFDC/video/test_videos/yaxgpxhavq.mp4,252,0,1,0
/ssd1/data/processed/DFDC/video/test_videos/tyjpjpglgx.mp4,252,1,1,1
/ssd1/data/processed/DFDC/video/test_videos/sfsayjgzrh.mp4,252,1,1,1
/ssd1/data/processed/DFDC/video/test_videos/nkhzxomani.mp4,252,0,1,0
/ssd1/data/processed/DFDC/video/test_videos/cjkctqqakb.mp4,252,0,1,0
/ssd1/data/processed/DFDC/video/test_videos/mohiqoogpb.mp4,252,1,1,1
/ssd1/data/processed/DFDC/video/test_videos/jiswxuqzyz.mp4,252,1,1,1
/ssd1/data/processed/DFDC/video/test_videos/ghnpsltzyn.mp4,252,0,1,0
/ssd1/data/processed/DFDC/video/test_videos/rvvpazsffd.mp4,252,0,1,0
/ssd1/data/processed/DFDC/video/test_videos/voawxrmqyl.mp4,252,0,1,0
/ssd1/data/processed/DFDC/video/test_videos/hqzwudvhih.mp4,252,0,1,0
/ssd1/data/processed/DFDC/video/test_videos/gqnaxievjx.mp4,252,0,1,0
/ssd1/data/processed/DFDC/video/test_videos/lnjkpdviqb.mp4,252,1,1,1
/ssd1/data/processed/DFDC/video/test_videos/dkuqbduxev.mp4,252,0,1,0
/ssd1/data/processed/DFDC/video/test_videos/toinozytsp.mp4,252,0,1,0
/ssd1/data/processed/DFDC/video/test_videos/wynotylpnm.mp4,252,1,1,1
/ssd1/data/processed/DFDC/video/test_videos/vokrpfjpeb.mp4,252,1,1,1
/ssd1/data/processed/DFDC/video/test_videos/jyoxdvxpza.mp4,252,1,1,1
/ssd1/data/processed/DFDC/video/test_videos/blszgmxkvu.mp4,252,1,1,1
/ssd1/data/processed/DFDC/video/test_videos/ucthmsajay.mp4,252,1,1,1
/ssd1/data/processed/DFDC/video/test_videos/coujjnypba.mp4,252,0,1,0
/ssd1/data/processed/DFDC/video/test_videos/eywdmustbb.mp4,252,0,1,0
/ssd1/data/processed/DFDC/video/test_videos/dtozwcapoa.mp4,252,1,1,1
/ssd1/data/processed/DFDC/video/test_videos/oocincvedt.mp4,252,1,1,1
/ssd1/data/processed/DFDC/video/test_videos/sjkfxrlxxs.mp4,252,0,1,0
/ssd1/data/processed/DFDC/video/test_videos/xjvxtuakyd.mp4,252,0,1,0
/ssd1/data/processed/DFDC/video/test_videos/bdshuoldwx.mp4,252,0,1,0
/ssd1/data/processed/DFDC/video/test_videos/nwvloufjty.mp4,252,0,1,0
/ssd1/data/processed/DFDC/video/test_videos/qhsehzgxqj.mp4,252,0,1,0
/ssd1/data/processed/DFDC/video/test_videos/ilqwcbprqa.mp4,252,1,1,1
/ssd1/data/processed/DFDC/video/test_videos/kwfdyqofzw.mp4,252,1,1,1
/ssd1/data/processed/DFDC/video/test_videos/jhczqfefgw.mp4,252,0,1,0
/ssd1/data/processed/DFDC/video/test_videos/swsaoktwgi.mp4,252,0,1,0
/ssd1/data/processed/DFDC/video/test_videos/zuwwbbusgl.mp4,252,1,1,1
/ssd1/data/processed/DFDC/video/test_videos/gfcycflhbo.mp4,252,0,1,0
/ssd1/data/processed/DFDC/video/test_videos/wcssbghcpc.mp4,252,0,1,0
/ssd1/data/processed/DFDC/video/test_videos/njzshtfmcw.mp4,252,0,1,0
/ssd1/data/processed/DFDC/video/test_videos/ndikguxzek.mp4,252,0,1,0
/ssd1/data/processed/DFDC/video/test_videos/snlyjbnpgw.mp4,252,0,1,0
/ssd1/data/processed/DFDC/video/test_videos/qhkzlnzruj.mp4,252,1,1,1
/ssd1/data/processed/DFDC/video/test_videos/lhvjzhjxdp.mp4,252,0,1,0
/ssd1/data/processed/DFDC/video/test_videos/zbgssotnjm.mp4,252,1,1,1
/ssd1/data/processed/DFDC/video/test_videos/pxcfrszlgi.mp4,252,1,1,1
/ssd1/data/processed/DFDC/video/test_videos/cekarydqba.mp4,252,1,1,1
/ssd1/data/processed/DFDC/video/test_videos/sqixhnilfm.mp4,252,0,1,0
/ssd1/data/processed/DFDC/video/test_videos/gkutjglghz.mp4,252,0,1,0
/ssd1/data/processed/DFDC/video/test_videos/vdtsbqidjb.mp4,252,0,1,0
/ssd1/data/processed/DFDC/video/test_videos/yxadevzohx.mp4,252,0,1,0
/ssd1/data/processed/DFDC/video/test_videos/aqrsylrzgi.mp4,252,0,1,0
/ssd1/data/processed/DFDC/video/test_videos/qsjiypnjwi.mp4,252,0,1,0
/ssd1/data/processed/DFDC/video/test_videos/udxqbhgvvx.mp4,252,0,1,0
/ssd1/data/processed/DFDC/video/test_videos/sodvtfqbpf.mp4,252,1,1,1
/ssd1/data/processed/DFDC/video/test_videos/nymodlmxni.mp4,252,1,1,1
/ssd1/data/processed/DFDC/video/test_videos/oelqpetgwj.mp4,252,0,1,0
/ssd1/data/processed/DFDC/video/test_videos/pxjkzvqomp.mp4,252,1,1,1
/ssd1/data/processed/DFDC/video/test_videos/opvqdabdap.mp4,252,0,1,0
/ssd1/data/processed/DFDC/video/test_videos/aayfryxljh.mp4,252,1,1,1
/ssd1/data/processed/DFDC/video/test_videos/sufvvwmbha.mp4,252,0,0,0
/ssd1/data/processed/DFDC/video/test_videos/jytrvwlewz.mp4,252,1,1,1
/ssd1/data/processed/DFDC/video/test_videos/wixbuuzygv.mp4,252,1,1,1
/ssd1/data/processed/DFDC/video/test_videos/wvgviwnwob.mp4,252,0,1,0
/ssd1/data/processed/DFDC/video/test_videos/ekelfsnqof.mp4,252,1,1,1
/ssd1/data/processed/DFDC/video/test_videos/fmhiujydwo.mp4,252,1,1,1
/ssd1/data/processed/DFDC/video/test_videos/lmdyicksrv.mp4,252,0,1,0
/ssd1/data/processed/DFDC/video/test_videos/nswtvttxre.mp4,252,1,1,1
/ssd1/data/processed/DFDC/video/test_videos/czfqlbcfpa.mp4,252,1,1,1
/ssd1/data/processed/DFDC/video/test_videos/qqnlrngaft.mp4,252,1,1,1
/ssd1/data/processed/DFDC/video/test_videos/ncoeewrdlo.mp4,252,0,1,0
/ssd1/data/processed/DFDC/video/test_videos/ruhtnngrqv.mp4,252,1,1,1
/ssd1/data/processed/DFDC/video/test_videos/fpevfidstw.mp4,252,1,1,1
/ssd1/data/processed/DFDC/video/test_videos/wcvsqnplsk.mp4,252,0,1,0
/ssd1/data/processed/DFDC/video/test_videos/hzssdinxec.mp4,252,0,1,0
/ssd1/data/processed/DFDC/video/test_videos/cosghhimnd.mp4,252,1,1,1
/ssd1/data/processed/DFDC/video/test_videos/yronlutbgm.mp4,252,1,1,1
/ssd1/data/processed/DFDC/video/test_videos/ahjnxtiamx.mp4,252,0,1,0
/ssd1/data/processed/DFDC/video/test_videos/gahgyuwzbu.mp4,252,1,1,1
/ssd1/data/processed/DFDC/video/test_videos/frqfsucgao.mp4,252,1,1,1
/ssd1/data/processed/DFDC/video/test_videos/csnkohqxdv.mp4,252,0,1,0
/ssd1/data/processed/DFDC/video/test_videos/bfdopzvxbi.mp4,252,1,1,1
/ssd1/data/processed/DFDC/video/test_videos/ziipxxchai.mp4,252,1,1,1
/ssd1/data/processed/DFDC/video/test_videos/imdmhwkkni.mp4,252,0,1,0
/ssd1/data/processed/DFDC/video/test_videos/dmmvuaikkv.mp4,252,1,1,1
/ssd1/data/processed/DFDC/video/test_videos/tvhjcfnqtg.mp4,252,0,1,0
/ssd1/data/processed/DFDC/video/test_videos/sznkemeqro.mp4,252,1,1,1
/ssd1/data/processed/DFDC/video/test_videos/qdqdsaiitt.mp4,252,0,1,0
/ssd1/data/processed/DFDC/video/test_videos/dsnxgrfdmd.mp4,252,1,1,1
/ssd1/data/processed/DFDC/video/test_videos/rmufsuogzn.mp4,252,1,1,1
/ssd1/data/processed/DFDC/video/test_videos/rcecrgeotc.mp4,252,0,1,0
/ssd1/data/processed/DFDC/video/test_videos/qcbkztamqc.mp4,252,0,1,0
/ssd1/data/processed/DFDC/video/test_videos/ibxfxggtqh.mp4,252,0,1,0
/ssd1/data/processed/DFDC/video/test_videos/zgbhzkditd.mp4,252,0,1,0
/ssd1/data/processed/DFDC/video/test_videos/mkzaekkvej.mp4,252,1,1,1
/ssd1/data/processed/DFDC/video/test_videos/nplviymzlg.mp4,252,0,1,0
/ssd1/data/processed/DFDC/video/test_videos/hfsvqabzfq.mp4,252,0,1,0
/ssd1/data/processed/DFDC/video/test_videos/fwykevubzy.mp4,252,1,1,1
/ssd1/data/processed/DFDC/video/test_videos/ajiyrjfyzp.mp4,252,1,1,1
/ssd1/data/processed/DFDC/video/test_videos/ggzjfrirjh.mp4,252,1,1,1
/ssd1/data/processed/DFDC/video/test_videos/rrrfjhugvb.mp4,252,0,1,0
/ssd1/data/processed/DFDC/video/test_videos/qarqtkvgby.mp4,252,1,1,1
/ssd1/data/processed/DFDC/video/test_videos/hclsparpth.mp4,252,0,1,0
/ssd1/data/processed/DFDC/video/test_videos/eppyqpgewp.mp4,252,1,1,1
/ssd1/data/processed/DFDC/video/test_videos/nycmyuzpml.mp4,252,1,1,1
/ssd1/data/processed/DFDC/video/test_videos/ouaowjmigq.mp4,252,1,1,1
/ssd1/data/processed/DFDC/video/test_videos/iznnzjvaxc.mp4,252,0,1,0
/ssd1/data/processed/DFDC/video/test_videos/kmqkiihrmj.mp4,252,0,0,0
/ssd1/data/processed/DFDC/video/test_videos/iksxzpqxzi.mp4,252,1,1,1
/ssd1/data/processed/DFDC/video/test_videos/hitfycdavv.mp4,252,0,1,0
/ssd1/data/processed/DFDC/video/test_videos/pcoxcmtroa.mp4,252,1,1,1
/ssd1/data/processed/DFDC/video/test_videos/vmxfwxgdei.mp4,252,1,1,1
/ssd1/data/processed/DFDC/video/test_videos/irqzdokcws.mp4,252,1,1,1
/ssd1/data/processed/DFDC/video/test_videos/bofrwgeyjo.mp4,252,0,1,0
/ssd1/data/processed/DFDC/video/test_videos/zgjosltkie.mp4,252,0,1,0
/ssd1/data/processed/DFDC/video/test_videos/xhtppuyqdr.mp4,252,0,1,0
/ssd1/data/processed/DFDC/video/test_videos/yzuestxcbq.mp4,252,0,1,0
/ssd1/data/processed/DFDC/video/test_videos/wjhpisoeaj.mp4,252,1,1,1
/ssd1/data/processed/DFDC/video/test_videos/apedduehoy.mp4,252,1,1,1
/ssd1/data/processed/DFDC/video/test_videos/ncmpqwmnzb.mp4,252,1,1,1
/ssd1/data/processed/DFDC/video/test_videos/uubgqnvfdl.mp4,252,0,1,0
/ssd1/data/processed/DFDC/video/test_videos/siebfpwuhu.mp4,252,1,1,1
/ssd1/data/processed/DFDC/video/test_videos/mwwploizlj.mp4,252,1,1,1
/ssd1/data/processed/DFDC/video/test_videos/zzmgnglanj.mp4,252,1,1,1
/ssd1/data/processed/DFDC/video/test_videos/dxfdovivlw.mp4,252,1,1,1
/ssd1/data/processed/DFDC/video/test_videos/mllzkpgatp.mp4,252,0,1,0
/ssd1/data/processed/DFDC/video/test_videos/oefukgnvel.mp4,252,1,1,1
/ssd1/data/processed/DFDC/video/test_videos/tynfsthodx.mp4,252,0,1,0
/ssd1/data/processed/DFDC/video/test_videos/demuhxssgl.mp4,252,0,1,0
/ssd1/data/processed/DFDC/video/test_videos/yllztsrwjw.mp4,252,0,1,0
/ssd1/data/processed/DFDC/video/test_videos/fqgypsunzr.mp4,252,0,1,0
/ssd1/data/processed/DFDC/video/test_videos/fneqiqpqvs.mp4,252,1,1,1
/ssd1/data/processed/DFDC/video/test_videos/fsdrwikhge.mp4,252,0,1,0
/ssd1/data/processed/DFDC/video/test_videos/qxyrtwozyw.mp4,252,0,1,0
/ssd1/data/processed/DFDC/video/test_videos/xmkwsnuzyq.mp4,252,1,1,1
/ssd1/data/processed/DFDC/video/test_videos/vssmlqoiti.mp4,252,1,1,1
/ssd1/data/processed/DFDC/video/test_videos/htzbnroagi.mp4,252,1,1,1
/ssd1/data/processed/DFDC/video/test_videos/itfsvvmslp.mp4,252,0,1,0
/ssd1/data/processed/DFDC/video/test_videos/ptbfnkajyi.mp4,252,0,0,0
/ssd1/data/processed/DFDC/video/test_videos/blnmxntbey.mp4,252,1,1,1
/ssd1/data/processed/DFDC/video/test_videos/khpipxnsvx.mp4,252,0,1,0
/ssd1/data/processed/DFDC/video/test_videos/wclvkepakb.mp4,252,1,1,1
/ssd1/data/processed/DFDC/video/test_videos/zfobicuigx.mp4,252,1,1,1
/ssd1/data/processed/DFDC/video/test_videos/ocgdbrgmtq.mp4,252,1,1,1
/ssd1/data/processed/DFDC/video/test_videos/heiyoojifp.mp4,252,1,1,1
/ssd1/data/processed/DFDC/video/test_videos/rnfcjxynfa.mp4,252,0,1,0
/ssd1/data/processed/DFDC/video/test_videos/adohdulfwb.mp4,252,1,1,1
/ssd1/data/processed/DFDC/video/test_videos/fxuxxtryjn.mp4,252,0,1,0
/ssd1/data/processed/DFDC/video/test_videos/hsbwhlolsn.mp4,252,1,1,1
/ssd1/data/processed/DFDC/video/test_videos/hyjqolupxn.mp4,252,0,0,0
/ssd1/data/processed/DFDC/video/test_videos/vbcgoyxsvn.mp4,252,0,1,0
/ssd1/data/processed/DFDC/video/test_videos/qlqhjcshpk.mp4,252,0,1,0
/ssd1/data/processed/DFDC/video/test_videos/oojxonbgow.mp4,252,1,1,1
/ssd1/data/processed/DFDC/video/test_videos/vtunvalyji.mp4,252,1,1,1
/ssd1/data/processed/DFDC/video/test_videos/scrbqgpvzz.mp4,252,0,1,0
/ssd1/data/processed/DFDC/video/test_videos/jsbpkpxwew.mp4,252,0,1,0
/ssd1/data/processed/DFDC/video/test_videos/ekboxwrwuv.mp4,252,0,1,0
/ssd1/data/processed/DFDC/video/test_videos/yarpxfqejd.mp4,252,0,1,0
/ssd1/data/processed/DFDC/video/test_videos/ayipraspbn.mp4,252,1,1,1
/ssd1/data/processed/DFDC/video/test_videos/halvwiltfs.mp4,252,0,1,0
/ssd1/data/processed/DFDC/video/test_videos/etdliwticv.mp4,252,0,1,0
/ssd1/data/processed/DFDC/video/test_videos/upmgtackuf.mp4,252,1,1,1
/ssd1/data/processed/DFDC/video/test_videos/dvtpwatuja.mp4,252,1,1,1
/ssd1/data/processed/DFDC/video/test_videos/aomqqjipcp.mp4,252,0,1,0
/ssd1/data/processed/DFDC/video/test_videos/waucvvmtkq.mp4,252,1,1,1
/ssd1/data/processed/DFDC/video/test_videos/ystdtnetgj.mp4,252,1,1,1
/ssd1/data/processed/DFDC/video/test_videos/cnxccbjlct.mp4,252,0,1,0
/ssd1/data/processed/DFDC/video/test_videos/yxirnfyijn.mp4,252,0,0,0
/ssd1/data/processed/DFDC/video/test_videos/mdfndlljvt.mp4,252,0,1,0
/ssd1/data/processed/DFDC/video/test_videos/dzojiwfvba.mp4,252,1,1,1
/ssd1/data/processed/DFDC/video/test_videos/nxzgekegsp.mp4,252,0,1,0
/ssd1/data/processed/DFDC/video/test_videos/kqlvggiqee.mp4,252,1,1,1
/ssd1/data/processed/DFDC/video/test_videos/rktrpsdlci.mp4,252,1,1,1
/ssd1/data/processed/DFDC/video/test_videos/cekwtyxdoo.mp4,252,0,1,0
/ssd1/data/processed/DFDC/video/test_videos/eisofhptvk.mp4,252,0,1,0
/ssd1/data/processed/DFDC/video/test_videos/sjwywglgym.mp4,252,0,1,0
/ssd1/data/processed/DFDC/video/test_videos/vizerpsvbz.mp4,252,1,1,1
/ssd1/data/processed/DFDC/video/test_videos/pqthmvwonf.mp4,252,0,1,0
/ssd1/data/processed/DFDC/video/test_videos/vvfszaosiv.mp4,252,1,1,1
/ssd1/data/processed/DFDC/video/test_videos/kmcdjxmnoa.mp4,252,0,0,0
/ssd1/data/processed/DFDC/video/test_videos/tjywwgftmv.mp4,252,0,1,0
/ssd1/data/processed/DFDC/video/test_videos/ybbrkacebd.mp4,252,1,1,1
/ssd1/data/processed/DFDC/video/test_videos/yljecirelf.mp4,252,1,1,1
/ssd1/data/processed/DFDC/video/test_videos/yhylappzid.mp4,252,1,1,1
/ssd1/data/processed/DFDC/video/test_videos/hxwtsaydal.mp4,252,0,1,0
/ssd1/data/processed/DFDC/video/test_videos/cqxxumarvp.mp4,252,1,1,1
/ssd1/data/processed/DFDC/video/test_videos/dzkyxbbqkr.mp4,252,1,1,1
/ssd1/data/processed/DFDC/video/test_videos/kcjvhgvhpt.mp4,252,0,1,0
/ssd1/data/processed/DFDC/video/test_videos/espkiocpxq.mp4,252,0,1,0
/ssd1/data/processed/DFDC/video/test_videos/lpgxwdgnio.mp4,252,1,1,1
/ssd1/data/processed/DFDC/video/test_videos/ipvwtgdlre.mp4,252,0,0,0
/ssd1/data/processed/DFDC/video/test_videos/jyfvaequfg.mp4,252,1,1,1
/ssd1/data/processed/DFDC/video/test_videos/ipkpxvwroe.mp4,252,0,1,0
/ssd1/data/processed/DFDC/video/test_videos/shnsajrsow.mp4,252,0,1,0
/ssd1/data/processed/DFDC/video/test_videos/rcjfxxhcal.mp4,252,0,1,0
/ssd1/data/processed/DFDC/video/test_videos/ljouzjaqqe.mp4,252,1,1,1
/ssd1/data/processed/DFDC/video/test_videos/yhjlnisfel.mp4,252,1,1,1
/ssd1/data/processed/DFDC/video/test_videos/gunamloolc.mp4,252,0,0,0
/ssd1/data/processed/DFDC/video/test_videos/jiavqbrkyk.mp4,252,1,1,1
/ssd1/data/processed/DFDC/video/test_videos/xljemofssi.mp4,252,0,1,0
/ssd1/data/processed/DFDC/video/test_videos/bcbqxhziqz.mp4,252,1,1,1
/ssd1/data/processed/DFDC/video/test_videos/syxobtuucp.mp4,252,1,1,1
/ssd1/data/processed/DFDC/video/test_videos/bktkwbcawi.mp4,252,0,1,0
/ssd1/data/processed/DFDC/video/test_videos/mnzabbkpmt.mp4,252,1,1,1
/ssd1/data/processed/DFDC/video/test_videos/xitgdpzbxv.mp4,252,0,1,0
/ssd1/data/processed/DFDC/video/test_videos/jquevmhdvc.mp4,252,0,1,0
/ssd1/data/processed/DFDC/video/test_videos/iorbtaarte.mp4,252,1,1,1
/ssd1/data/processed/DFDC/video/test_videos/bkuzquigyt.mp4,252,1,1,1
/ssd1/data/processed/DFDC/video/test_videos/syuxttuyhm.mp4,252,0,1,0
/ssd1/data/processed/DFDC/video/test_videos/lyoslorecs.mp4,252,0,0,0
/ssd1/data/processed/DFDC/video/test_videos/mszblrdprw.mp4,252,0,1,0
/ssd1/data/processed/DFDC/video/test_videos/uhrqlmlclw.mp4,252,1,1,1
/ssd1/data/processed/DFDC/video/test_videos/lujvyveojc.mp4,252,1,1,1
/ssd1/data/processed/DFDC/video/test_videos/bkcyglmfci.mp4,252,1,1,1
/ssd1/data/processed/DFDC/video/test_videos/wndursivcx.mp4,252,0,1,0
/ssd1/data/processed/DFDC/video/test_videos/uxuvkrjhws.mp4,252,1,1,1
/ssd1/data/processed/DFDC/video/test_videos/tejfudfgpq.mp4,252,1,1,1
/ssd1/data/processed/DFDC/video/test_videos/hevcclcklc.mp4,252,1,1,1
/ssd1/data/processed/DFDC/video/test_videos/dvwpvqdflx.mp4,252,1,1,1
/ssd1/data/processed/DFDC/video/test_videos/tjuihawuqm.mp4,252,0,1,0
/ssd1/data/processed/DFDC/video/test_videos/dpmgoiwhuf.mp4,252,1,1,1
/ssd1/data/processed/DFDC/video/test_videos/elackxuccp.mp4,252,1,1,1
/ssd1/data/processed/DFDC/video/test_videos/kowiwvrjht.mp4,252,0,1,0
/ssd1/data/processed/DFDC/video/test_videos/ptbnewtvon.mp4,252,0,1,0
/ssd1/data/processed/DFDC/video/test_videos/orekjthsef.mp4,252,0,1,0
/ssd1/data/processed/DFDC/video/test_videos/xxzefxwyku.mp4,252,1,1,1
/ssd1/data/processed/DFDC/video/test_videos/didzujjhtg.mp4,252,1,1,1
/ssd1/data/processed/DFDC/video/test_videos/srfefmyjvt.mp4,252,1,1,1
/ssd1/data/processed/DFDC/video/test_videos/lebzjtusnr.mp4,252,0,1,0
/ssd1/data/processed/DFDC/video/test_videos/nxnmkytwze.mp4,252,1,1,1
/ssd1/data/processed/DFDC/video/test_videos/kezwvsxxzj.mp4,252,1,1,1
/ssd1/data/processed/DFDC/video/test_videos/honxqdilvv.mp4,252,0,1,0
/ssd1/data/processed/DFDC/video/test_videos/scbdenmaed.mp4,252,0,1,0
/ssd1/data/processed/DFDC/video/test_videos/fnxgqcvlsd.mp4,252,0,1,0
/ssd1/data/processed/DFDC/video/test_videos/vhbbwdflyh.mp4,252,0,0,0
/ssd1/data/processed/DFDC/video/test_videos/txnmkabufs.mp4,252,1,1,1
/ssd1/data/processed/DFDC/video/test_videos/nthpnwylxo.mp4,252,1,1,1
/ssd1/data/processed/DFDC/video/test_videos/hweshqpfwe.mp4,252,0,1,0
/ssd1/data/processed/DFDC/video/test_videos/vurjckblge.mp4,252,0,1,0
/ssd1/data/processed/DFDC/video/test_videos/fmvvmcbdrw.mp4,252,0,1,0
/ssd1/data/processed/DFDC/video/test_videos/lnhkjhyhvw.mp4,252,1,1,1
/ssd1/data/processed/DFDC/video/test_videos/fzvpbrzssi.mp4,252,1,1,1
/ssd1/data/processed/DFDC/video/test_videos/nikynwcvuh.mp4,252,0,1,0
/ssd1/data/processed/DFDC/video/test_videos/huvlwkxoxm.mp4,252,0,1,0
/ssd1/data/processed/DFDC/video/test_videos/oyqgwjdwaj.mp4,252,0,1,0
/ssd1/data/processed/DFDC/video/test_videos/zmxeiipnqb.mp4,252,1,1,1
/ssd1/data/processed/DFDC/video/test_videos/mkmgcxaztt.mp4,252,1,1,1
/ssd1/data/processed/DFDC/video/test_videos/eqslzbqfea.mp4,252,0,0,0
/ssd1/data/processed/DFDC/video/test_videos/esmqxszybs.mp4,252,0,1,0
/ssd1/data/processed/DFDC/video/test_videos/eryjktdexi.mp4,252,0,0,0
/ssd1/data/processed/DFDC/video/test_videos/aassnaulhq.mp4,252,0,1,0
/ssd1/data/processed/DFDC/video/test_videos/dvkdfhrpph.mp4,252,0,1,0
/ssd1/data/processed/DFDC/video/test_videos/nxgzmgzkfv.mp4,252,0,1,0
/ssd1/data/processed/DFDC/video/test_videos/ytddugrwph.mp4,252,0,1,0
/ssd1/data/processed/DFDC/video/test_videos/xcruhaccxc.mp4,252,1,1,1
/ssd1/data/processed/DFDC/video/test_videos/dpevefkefv.mp4,252,1,1,1
/ssd1/data/processed/DFDC/video/test_videos/ojsxxkalat.mp4,252,0,1,0
/ssd1/data/processed/DFDC/video/test_videos/hefisnapds.mp4,252,0,1,0
/ssd1/data/processed/DFDC/video/test_videos/ekvwecwltj.mp4,252,1,1,1
/ssd1/data/processed/DFDC/video/test_videos/oaguiggjyv.mp4,252,1,1,1
/ssd1/data/processed/DFDC/video/test_videos/uqvxjfpwdo.mp4,252,0,1,0
/ssd1/data/processed/DFDC/video/test_videos/lpkgabskbw.mp4,252,0,1,0
/ssd1/data/processed/DFDC/video/test_videos/ggdpclfcgk.mp4,252,0,0,0
/ssd1/data/processed/DFDC/video/test_videos/eyguqfmgzh.mp4,252,1,1,1
/ssd1/data/processed/DFDC/video/test_videos/zfrrixsimm.mp4,252,1,1,1
/ssd1/data/processed/DFDC/video/test_videos/knxltsvzyu.mp4,252,1,1,1
/ssd1/data/processed/DFDC/video/test_videos/evysmtpnrf.mp4,252,1,1,1
/ssd1/data/processed/DFDC/video/test_videos/phjvutxpoi.mp4,252,1,1,1
/ssd1/data/processed/DFDC/video/test_videos/sylnrepacf.mp4,252,1,1,1
/ssd1/data/processed/DFDC/video/test_videos/sngjsueuhs.mp4,252,0,1,0
/ssd1/data/processed/DFDC/video/test_videos/pqdeutauqc.mp4,252,1,1,1
/ssd1/data/processed/DFDC/video/test_videos/ddtbarpcgo.mp4,252,1,1,1
/ssd1/data/processed/DFDC/video/test_videos/gccnvdoknm.mp4,252,0,1,0
/ssd1/data/processed/DFDC/video/test_videos/ztyvglkcsf.mp4,252,1,1,1
/ssd1/data/processed/DFDC/video/test_videos/tgawasvbbr.mp4,252,1,1,1
/ssd1/data/processed/DFDC/video/test_videos/rfjuhbnlro.mp4,252,0,1,0
/ssd1/data/processed/DFDC/video/test_videos/acazlolrpz.mp4,252,0,1,0
/ssd1/data/processed/DFDC/video/test_videos/ywxpquomgt.mp4,252,1,1,1
/ssd1/data/processed/DFDC/video/test_videos/qclpbcbgeq.mp4,252,1,1,1
/ssd1/data/processed/DFDC/video/test_videos/apvzjkvnwn.mp4,252,1,1,1
/ssd1/data/processed/DFDC/video/test_videos/xrtvqhdibb.mp4,252,0,1,0
/ssd1/data/processed/DFDC/video/test_videos/wnlubukrki.mp4,252,0,1,0
/ssd1/data/processed/DFDC/video/test_videos/bwdmzwhdnw.mp4,252,0,1,0
